timestamp,lag,wait_ms
2025-10-29 15:25:39.304,0,12
2025-10-29 15:25:39.321,0,20
2025-10-29 15:25:40.255,2,2
2025-10-29 15:25:40.261,2,1
2025-10-29 15:25:40.265,2,1
2025-10-29 15:25:40.267,2,2
2025-10-29 15:25:40.269,2,1
2025-10-29 15:25:40.272,2,1
2025-10-29 15:25:40.279,2,2
2025-10-29 15:25:41.251,2,2
2025-10-29 15:25:41.255,2,3
2025-10-29 15:25:41.260,2,7
2025-10-29 15:25:41.260,2,2
2025-10-29 15:25:41.262,11,2
2025-10-29 15:25:41.263,11,1
2025-10-29 15:25:41.265,11,2
2025-10-29 15:25:41.276,11,2
2025-10-29 15:25:42.253,11,3
2025-10-29 15:25:42.259,7,4
2025-10-29 15:25:42.261,7,3
2025-10-29 15:25:42.262,7,3
2025-10-29 15:25:42.264,7,4
2025-10-29 15:25:42.265,7,4
2025-10-29 15:25:42.267,7,3
2025-10-29 15:25:42.271,7,2
2025-10-29 15:25:43.249,7,3
2025-10-29 15:25:43.268,8,3
2025-10-29 15:25:43.273,8,3
2025-10-29 15:25:44.256,8,3
2025-10-29 15:25:44.269,3,3
2025-10-29 15:25:44.278,3,3
2025-10-29 15:25:45.249,3,2
2025-10-29 15:25:45.255,3,2
2025-10-29 15:25:45.262,3,2
2025-10-29 15:25:45.265,3,2
2025-10-29 15:25:46.273,3,3
2025-10-29 15:25:47.271,4,4
2025-10-29 15:25:47.280,2,11
2025-10-29 15:25:48.252,2,3
2025-10-29 15:25:48.269,2,2
2025-10-29 15:25:48.273,3,2
2025-10-29 15:25:49.288,3,7
2025-10-29 15:25:49.307,3,3
2025-10-29 15:25:49.316,3,2
2025-10-29 15:25:49.321,3,2
2025-10-29 15:25:49.323,3,1
2025-10-29 15:25:49.325,3,1
2025-10-29 15:25:50.279,3,3
2025-10-29 15:25:50.287,7,7
2025-10-29 15:25:50.287,7,4
2025-10-29 15:25:50.305,7,2
2025-10-29 15:25:50.307,7,2
2025-10-29 15:25:50.319,7,3
2025-10-29 15:25:50.323,7,2
2025-10-29 15:25:51.285,7,3
2025-10-29 15:25:51.300,7,2
2025-10-29 15:25:51.302,7,2
2025-10-29 15:25:51.311,7,2
2025-10-29 15:25:51.324,7,2
2025-10-29 15:25:51.330,7,2
2025-10-29 15:25:51.336,7,2
2025-10-29 15:25:52.298,7,2
2025-10-29 15:25:52.305,8,6
2025-10-29 15:25:52.308,8,2
2025-10-29 15:25:52.322,8,3
2025-10-29 15:25:52.335,8,3
2025-10-29 15:25:52.337,8,3
2025-10-29 15:25:52.338,8,3
2025-10-29 15:25:52.340,8,2
2025-10-29 15:25:53.305,8,2
2025-10-29 15:25:53.326,8,2
2025-10-29 15:25:54.291,8,2
2025-10-29 15:25:54.299,2,1
2025-10-29 15:25:54.304,2,2
2025-10-29 15:25:54.306,2,3
2025-10-29 15:25:54.313,2,2
2025-10-29 15:25:54.314,2,2
2025-10-29 15:25:54.322,2,2
2025-10-29 15:25:54.323,2,1
2025-10-29 15:25:54.327,2,2
2025-10-29 15:25:54.336,2,3
2025-10-29 15:25:55.280,2,2
2025-10-29 15:25:55.296,10,2
2025-10-29 15:25:55.301,10,2
2025-10-29 15:25:55.303,10,2
2025-10-29 15:25:55.311,10,2
2025-10-29 15:25:55.315,10,2
2025-10-29 15:25:55.324,10,1
2025-10-29 15:25:56.308,10,2
2025-10-29 15:25:56.317,7,2
2025-10-29 15:25:56.319,7,2
2025-10-29 15:25:56.321,7,2
2025-10-29 15:25:56.323,7,4
2025-10-29 15:25:56.334,7,2
2025-10-29 15:25:56.338,7,2
2025-10-29 15:25:57.286,7,2
2025-10-29 15:25:57.291,7,2
2025-10-29 15:25:57.300,7,2
2025-10-29 15:25:57.304,7,2
2025-10-29 15:25:57.305,7,1
2025-10-29 15:25:57.309,7,2
2025-10-29 15:25:57.314,7,2
2025-10-29 15:25:57.318,7,2
2025-10-29 15:25:57.322,7,1
2025-10-29 15:25:57.323,7,1
2025-10-29 15:25:58.000,7,665
2025-10-29 15:25:58.281,7,4
2025-10-29 15:25:58.303,11,3
2025-10-29 15:25:58.305,11,2
2025-10-29 15:25:58.309,11,1
2025-10-29 15:25:58.314,11,2
2025-10-29 15:25:58.320,11,2
2025-10-29 15:25:58.333,11,2
2025-10-29 15:25:58.336,11,4
2025-10-29 15:25:59.349,11,2
2025-10-29 15:25:59.354,11,5
2025-10-29 15:25:59.354,11,2
2025-10-29 15:25:59.362,10,2
2025-10-29 15:25:59.374,10,1
2025-10-29 15:25:59.376,10,1
2025-10-29 15:25:59.382,10,2
2025-10-29 15:25:59.392,10,3
2025-10-29 15:25:59.393,10,3
2025-10-29 15:25:59.397,10,2
2025-10-29 15:26:00.000,10,596
2025-10-29 15:26:00.000,10,595
2025-10-29 15:26:00.000,10,590
2025-10-29 15:26:00.000,10,587
2025-10-29 15:26:00.000,10,580
2025-10-29 15:26:00.000,10,575
2025-10-29 15:26:00.000,10,575
2025-10-29 15:26:00.001,10,573
2025-10-29 15:26:00.001,10,558
2025-10-29 15:26:00.001,10,540
2025-10-29 15:26:01.000,23,1538
2025-10-29 15:26:01.000,23,659
2025-10-29 15:26:01.000,23,657
2025-10-29 15:26:01.000,23,643
2025-10-29 15:26:01.000,23,638
2025-10-29 15:26:01.000,23,621
2025-10-29 15:26:01.000,23,617
2025-10-29 15:26:01.000,23,603
2025-10-29 15:26:01.000,23,602
2025-10-29 15:26:01.000,23,601
2025-10-29 15:26:02.001,20,1592
2025-10-29 15:26:02.001,20,1587
2025-10-29 15:26:02.001,20,1566
2025-10-29 15:26:02.001,20,1557
2025-10-29 15:26:02.001,20,1553
2025-10-29 15:26:02.001,20,1552
2025-10-29 15:26:02.001,20,1551
2025-10-29 15:26:02.001,20,1540
2025-10-29 15:26:02.001,20,663
2025-10-29 15:26:02.001,20,645
2025-10-29 15:26:03.000,29,1634
2025-10-29 15:26:03.000,29,1628
2025-10-29 15:26:03.000,29,1626
2025-10-29 15:26:03.000,29,1625
2025-10-29 15:26:03.000,29,1621
2025-10-29 15:26:03.000,29,1617
2025-10-29 15:26:03.000,29,1611
2025-10-29 15:26:03.000,29,1604
2025-10-29 15:26:03.000,29,1603
2025-10-29 15:26:03.000,29,1602
2025-10-29 15:26:04.000,38,2595
2025-10-29 15:26:04.000,38,2592
2025-10-29 15:26:04.000,38,2578
2025-10-29 15:26:04.000,38,2572
2025-10-29 15:26:04.000,38,2555
2025-10-29 15:26:04.000,38,2540
2025-10-29 15:26:04.000,38,2523
2025-10-29 15:26:04.000,38,2521
2025-10-29 15:26:04.000,38,2505
2025-10-29 15:26:04.000,38,1652
2025-10-29 15:26:05.000,49,2645
2025-10-29 15:26:05.000,49,2639
2025-10-29 15:26:05.000,49,2638
2025-10-29 15:26:05.000,49,2635
2025-10-29 15:26:05.000,49,2572
2025-10-29 15:26:05.000,49,2569
2025-10-29 15:26:05.000,49,2564
2025-10-29 15:26:05.000,49,2563
2025-10-29 15:26:05.000,49,2557
2025-10-29 15:26:05.000,49,2553
2025-10-29 15:26:06.000,74,3552
2025-10-29 15:26:06.000,74,3546
2025-10-29 15:26:06.000,74,3543
2025-10-29 15:26:06.000,74,3539
2025-10-29 15:26:06.000,74,3526
2025-10-29 15:26:06.000,74,3523
2025-10-29 15:26:06.000,74,2658
2025-10-29 15:26:06.000,74,2644
2025-10-29 15:26:06.000,74,2634
2025-10-29 15:26:06.000,74,2629
2025-10-29 15:26:07.001,74,3615
2025-10-29 15:26:07.001,74,3615
2025-10-29 15:26:07.001,74,3612
2025-10-29 15:26:07.001,74,3610
2025-10-29 15:26:07.001,74,3606
2025-10-29 15:26:07.001,74,3600
2025-10-29 15:26:07.001,74,3594
2025-10-29 15:26:07.001,74,3592
2025-10-29 15:26:07.001,74,3574
2025-10-29 15:26:07.001,74,3565
2025-10-29 15:26:08.001,105,4562
2025-10-29 15:26:08.001,105,4554
2025-10-29 15:26:08.001,105,4540
2025-10-29 15:26:08.001,105,4538
2025-10-29 15:26:08.001,105,4534
2025-10-29 15:26:08.001,105,4528
2025-10-29 15:26:08.001,105,4520
2025-10-29 15:26:08.001,105,3661
2025-10-29 15:26:08.001,105,3657
2025-10-29 15:26:08.001,105,3651
2025-10-29 15:26:09.000,103,4644
2025-10-29 15:26:09.000,103,4630
2025-10-29 15:26:09.000,103,4624
2025-10-29 15:26:09.000,103,4620
2025-10-29 15:26:09.000,103,4612
2025-10-29 15:26:09.000,103,4611
2025-10-29 15:26:09.000,103,4609
2025-10-29 15:26:09.000,103,4607
2025-10-29 15:26:09.000,103,4602
2025-10-29 15:26:09.000,103,4598
2025-10-29 15:26:10.001,106,5595
2025-10-29 15:26:10.001,106,5590
2025-10-29 15:26:10.001,106,5585
2025-10-29 15:26:10.001,106,5578
2025-10-29 15:26:10.001,106,5573
2025-10-29 15:26:10.001,106,5569
2025-10-29 15:26:10.001,106,5568
2025-10-29 15:26:10.001,106,5567
2025-10-29 15:26:10.001,106,5564
2025-10-29 15:26:10.001,106,5561
2025-10-29 15:26:11.000,116,6545
2025-10-29 15:26:11.000,116,6543
2025-10-29 15:26:11.000,116,6542
2025-10-29 15:26:11.000,116,6541
2025-10-29 15:26:11.000,116,5655
2025-10-29 15:26:11.000,116,5653
2025-10-29 15:26:11.000,116,5646
2025-10-29 15:26:11.000,116,5643
2025-10-29 15:26:11.000,116,5636
2025-10-29 15:26:11.000,116,5633
2025-10-29 15:26:12.001,133,6631
2025-10-29 15:26:12.001,133,6628
2025-10-29 15:26:12.001,133,6627
2025-10-29 15:26:12.001,133,6622
2025-10-29 15:26:12.001,133,6621
2025-10-29 15:26:12.001,133,6617
2025-10-29 15:26:12.001,133,6593
2025-10-29 15:26:12.001,133,6572
2025-10-29 15:26:12.001,133,6553
2025-10-29 15:26:12.001,133,6543
2025-10-29 15:26:13.000,150,7535
2025-10-29 15:26:13.000,150,7523
2025-10-29 15:26:13.000,150,7519
2025-10-29 15:26:13.000,150,7509
2025-10-29 15:26:13.000,150,6656
2025-10-29 15:26:13.000,150,6651
2025-10-29 15:26:13.000,150,6649
2025-10-29 15:26:13.000,150,6640
2025-10-29 15:26:13.000,150,6633
2025-10-29 15:26:13.000,150,6627
2025-10-29 15:26:14.001,156,7625
2025-10-29 15:26:14.001,156,7624
2025-10-29 15:26:14.001,156,7621
2025-10-29 15:26:14.001,156,7612
2025-10-29 15:26:14.001,156,7609
2025-10-29 15:26:14.001,156,7608
2025-10-29 15:26:14.001,156,7604
2025-10-29 15:26:14.001,156,7598
2025-10-29 15:26:14.001,156,7597
2025-10-29 15:26:14.001,156,7563
2025-10-29 15:26:15.000,166,8558
2025-10-29 15:26:15.000,166,8552
2025-10-29 15:26:15.000,166,8545
2025-10-29 15:26:15.000,166,8544
2025-10-29 15:26:15.000,166,8540
2025-10-29 15:26:15.000,166,8536
2025-10-29 15:26:15.000,166,8530
2025-10-29 15:26:15.000,166,8528
2025-10-29 15:26:15.000,166,8527
2025-10-29 15:26:15.000,166,8523
2025-10-29 15:26:16.001,183,9519
2025-10-29 15:26:16.001,183,9517
2025-10-29 15:26:16.001,183,9513
2025-10-29 15:26:16.001,183,8657
2025-10-29 15:26:16.001,183,8645
2025-10-29 15:26:16.001,183,8640
2025-10-29 15:26:16.001,183,8630
2025-10-29 15:26:16.001,183,8628
2025-10-29 15:26:16.001,183,8625
2025-10-29 15:26:16.001,183,8619
2025-10-29 15:26:17.000,202,9610
2025-10-29 15:26:17.000,202,9600
2025-10-29 15:26:17.000,202,9593
2025-10-29 15:26:17.000,202,9586
2025-10-29 15:26:17.000,202,9580
2025-10-29 15:26:17.000,202,9578
2025-10-29 15:26:17.000,202,9572
2025-10-29 15:26:17.000,202,9569
2025-10-29 15:26:17.000,202,9555
2025-10-29 15:26:17.000,202,9550
2025-10-29 15:26:18.000,213,10549
2025-10-29 15:26:18.000,213,9627
2025-10-29 15:26:18.000,213,9626
2025-10-29 15:26:18.000,213,9619
2025-10-29 15:26:18.000,213,9611
2025-10-29 15:26:18.000,213,9611
2025-10-29 15:26:18.000,213,9607
2025-10-29 15:26:18.000,213,9606
2025-10-29 15:26:18.000,213,9597
2025-10-29 15:26:18.000,213,9585
2025-10-29 15:26:19.000,223,10578
2025-10-29 15:26:19.000,223,10571
2025-10-29 15:26:19.000,223,10567
2025-10-29 15:26:19.000,223,10565
2025-10-29 15:26:19.000,223,10558
2025-10-29 15:26:19.000,223,9537
2025-10-29 15:26:19.000,223,9530
2025-10-29 15:26:19.000,223,9518
2025-10-29 15:26:19.000,223,9509
2025-10-29 15:26:19.000,223,9507
2025-10-29 15:26:20.001,231,10504
2025-10-29 15:26:20.001,231,10474
2025-10-29 15:26:20.001,231,10473
2025-10-29 15:26:20.001,231,10472
2025-10-29 15:26:20.001,231,10468
2025-10-29 15:26:20.001,231,10464
2025-10-29 15:26:20.001,231,10448
2025-10-29 15:26:20.001,231,10444
2025-10-29 15:26:20.001,231,10443
2025-10-29 15:26:20.001,231,10416
2025-10-29 15:26:21.000,244,11392
2025-10-29 15:26:21.000,244,11389
2025-10-29 15:26:21.000,244,11380
2025-10-29 15:26:21.000,244,11378
2025-10-29 15:26:21.000,244,11350
2025-10-29 15:26:21.000,244,11336
2025-10-29 15:26:21.000,244,10530
2025-10-29 15:26:21.000,244,10527
2025-10-29 15:26:21.000,244,10519
2025-10-29 15:26:21.000,244,10519
2025-10-29 15:26:22.001,248,11516
2025-10-29 15:26:22.001,248,11508
2025-10-29 15:26:22.001,248,11503
2025-10-29 15:26:22.001,248,11499
2025-10-29 15:26:22.001,248,11478
2025-10-29 15:26:22.001,248,11469
2025-10-29 15:26:22.001,248,11462
2025-10-29 15:26:22.001,248,11447
2025-10-29 15:26:22.001,248,11441
2025-10-29 15:26:22.001,248,11432
2025-10-29 15:26:23.000,253,12426
2025-10-29 15:26:23.000,253,12425
2025-10-29 15:26:23.000,253,12422
2025-10-29 15:26:23.000,253,12419
2025-10-29 15:26:23.000,253,12384
2025-10-29 15:26:23.000,253,12379
2025-10-29 15:26:23.000,253,12379
2025-10-29 15:26:23.000,253,12364
2025-10-29 15:26:23.000,253,12348
2025-10-29 15:26:23.000,253,12346
2025-10-29 15:26:24.001,261,12527
2025-10-29 15:26:24.001,261,12526
2025-10-29 15:26:24.001,261,12522
2025-10-29 15:26:24.001,261,12508
2025-10-29 15:26:24.001,261,12500
2025-10-29 15:26:24.001,261,12495
2025-10-29 15:26:24.001,261,12489
2025-10-29 15:26:24.001,261,12487
2025-10-29 15:26:24.001,261,12483
2025-10-29 15:26:24.001,261,12479
2025-10-29 15:26:25.000,266,13473
2025-10-29 15:26:25.000,266,13469
2025-10-29 15:26:25.000,266,13430
2025-10-29 15:26:25.000,266,13421
2025-10-29 15:26:25.000,266,13408
2025-10-29 15:26:25.000,266,13403
2025-10-29 15:26:25.000,266,13396
2025-10-29 15:26:25.000,266,13392
2025-10-29 15:26:25.000,266,13371
2025-10-29 15:26:25.000,266,13368
2025-10-29 15:26:26.001,286,14364
2025-10-29 15:26:26.001,286,14356
2025-10-29 15:26:26.001,286,14355
2025-10-29 15:26:26.001,286,14346
2025-10-29 15:26:26.001,286,14341
2025-10-29 15:26:26.001,286,14331
2025-10-29 15:26:26.001,286,14329
2025-10-29 15:26:26.001,286,14328
2025-10-29 15:26:26.001,286,14324
2025-10-29 15:26:26.001,286,13535
2025-10-29 15:26:27.000,287,14501
2025-10-29 15:26:27.000,287,14499
2025-10-29 15:26:27.000,287,14497
2025-10-29 15:26:27.000,287,14490
2025-10-29 15:26:27.000,287,14483
2025-10-29 15:26:27.000,287,14479
2025-10-29 15:26:27.000,287,14450
2025-10-29 15:26:27.000,287,14439
2025-10-29 15:26:27.000,287,14427
2025-10-29 15:26:27.000,287,14401
2025-10-29 15:26:28.000,296,15397
2025-10-29 15:26:28.000,296,15382
2025-10-29 15:26:28.000,296,15369
2025-10-29 15:26:28.000,296,15368
2025-10-29 15:26:28.000,296,15368
2025-10-29 15:26:28.000,296,15339
2025-10-29 15:26:28.000,296,14501
2025-10-29 15:26:28.000,296,14492
2025-10-29 15:26:28.000,296,14467
2025-10-29 15:26:28.000,296,14447
2025-10-29 15:26:29.001,300,15445
2025-10-29 15:26:29.001,300,15439
2025-10-29 15:26:29.001,300,15429
2025-10-29 15:26:29.001,300,15420
2025-10-29 15:26:29.001,300,15390
2025-10-29 15:26:29.001,300,15384
2025-10-29 15:26:29.001,300,15379
2025-10-29 15:26:29.001,300,15361
2025-10-29 15:26:29.001,300,15350
2025-10-29 15:26:29.001,300,15345
2025-10-29 15:26:30.000,301,16334
2025-10-29 15:26:30.000,301,16319
2025-10-29 15:26:30.001,301,16311
2025-10-29 15:26:30.001,301,16309
2025-10-29 15:26:30.001,301,15540
2025-10-29 15:26:30.001,301,15528
2025-10-29 15:26:30.001,301,15520
2025-10-29 15:26:30.001,301,15513
2025-10-29 15:26:30.001,301,15505
2025-10-29 15:26:30.001,301,15496
2025-10-29 15:26:31.000,306,16486
2025-10-29 15:26:31.001,306,16477
2025-10-29 15:26:31.001,306,16461
2025-10-29 15:26:31.001,306,16452
2025-10-29 15:26:31.001,306,16437
2025-10-29 15:26:31.001,306,16436
2025-10-29 15:26:31.001,306,16431
2025-10-29 15:26:31.001,306,16415
2025-10-29 15:26:31.001,306,16382
2025-10-29 15:26:31.001,306,16376
2025-10-29 15:26:32.001,313,17365
2025-10-29 15:26:32.001,313,17352
2025-10-29 15:26:32.001,313,17341
2025-10-29 15:26:32.001,313,17331
2025-10-29 15:26:32.001,313,17320
2025-10-29 15:26:32.001,313,17305
2025-10-29 15:26:32.001,313,17304
2025-10-29 15:26:32.001,313,17291
2025-10-29 15:26:32.001,313,17287
2025-10-29 15:26:32.001,313,17286
2025-10-29 15:26:33.000,316,18283
2025-10-29 15:26:33.000,316,17541
2025-10-29 15:26:33.000,316,17524
2025-10-29 15:26:33.001,316,17513
2025-10-29 15:26:33.001,316,17503
2025-10-29 15:26:33.001,316,17500
2025-10-29 15:26:33.001,316,17491
2025-10-29 15:26:33.001,316,17478
2025-10-29 15:26:33.001,316,17471
2025-10-29 15:26:33.001,316,17470
2025-10-29 15:26:34.001,324,18457
2025-10-29 15:26:34.001,324,18455
2025-10-29 15:26:34.001,324,18453
2025-10-29 15:26:34.001,324,18438
2025-10-29 15:26:34.001,324,18435
2025-10-29 15:26:34.001,324,18433
2025-10-29 15:26:34.001,324,18417
2025-10-29 15:26:34.001,324,18413
2025-10-29 15:26:34.001,324,18402
2025-10-29 15:26:34.001,324,18400
2025-10-29 15:26:35.000,326,19391
2025-10-29 15:26:35.000,326,19367
2025-10-29 15:26:35.000,326,19364
2025-10-29 15:26:35.000,326,19362
2025-10-29 15:26:35.000,326,19358
2025-10-29 15:26:35.000,326,19340
2025-10-29 15:26:35.000,326,19333
2025-10-29 15:26:35.000,326,19322
2025-10-29 15:26:35.000,326,19306
2025-10-29 15:26:35.000,326,19303
2025-10-29 15:26:36.001,331,20301
2025-10-29 15:26:36.001,331,20297
2025-10-29 15:26:36.001,331,19530
2025-10-29 15:26:36.001,331,19526
2025-10-29 15:26:36.001,331,19522
2025-10-29 15:26:36.001,331,19521
2025-10-29 15:26:36.001,331,19507
2025-10-29 15:26:36.001,331,19506
2025-10-29 15:26:36.001,331,19505
2025-10-29 15:26:36.001,331,19498
2025-10-29 15:26:37.000,335,20472
2025-10-29 15:26:37.000,335,20447
2025-10-29 15:26:37.000,335,20447
2025-10-29 15:26:37.000,335,20444
2025-10-29 15:26:37.000,335,20434
2025-10-29 15:26:37.000,335,20412
2025-10-29 15:26:37.000,335,20392
2025-10-29 15:26:37.000,335,20381
2025-10-29 15:26:37.000,335,20374
2025-10-29 15:26:37.000,335,20342
2025-10-29 15:26:38.000,344,20533
2025-10-29 15:26:38.000,344,20524
2025-10-29 15:26:38.000,344,20523
2025-10-29 15:26:38.000,344,20522
2025-10-29 15:26:38.000,344,20520
2025-10-29 15:26:38.000,344,20469
2025-10-29 15:26:38.000,344,20468
2025-10-29 15:26:38.000,344,20455
2025-10-29 15:26:38.000,344,20430
2025-10-29 15:26:38.000,344,20428
2025-10-29 15:26:39.001,346,21418
2025-10-29 15:26:39.001,346,21407
2025-10-29 15:26:39.001,346,21387
2025-10-29 15:26:39.001,346,21381
2025-10-29 15:26:39.001,346,21379
2025-10-29 15:26:39.001,346,21377
2025-10-29 15:26:39.001,346,21376
2025-10-29 15:26:39.001,346,21371
2025-10-29 15:26:39.001,346,21356
2025-10-29 15:26:39.001,346,21351
2025-10-29 15:26:40.000,352,22332
2025-10-29 15:26:40.001,352,22331
2025-10-29 15:26:40.001,352,22325
2025-10-29 15:26:40.001,352,21537
2025-10-29 15:26:40.001,352,21458
2025-10-29 15:26:40.001,352,21424
2025-10-29 15:26:40.001,352,21407
2025-10-29 15:26:40.001,352,21398
2025-10-29 15:26:40.001,352,21394
2025-10-29 15:26:40.001,352,21371
2025-10-29 15:26:41.000,355,22364
2025-10-29 15:26:41.000,355,22348
2025-10-29 15:26:41.000,355,22331
2025-10-29 15:26:41.000,355,22318
2025-10-29 15:26:41.000,355,22310
2025-10-29 15:26:41.000,355,22287
2025-10-29 15:26:41.000,355,22282
2025-10-29 15:26:41.000,355,22253
2025-10-29 15:26:41.001,355,22210
2025-10-29 15:26:41.001,355,22197
2025-10-29 15:26:42.001,360,23197
2025-10-29 15:26:42.001,360,23193
2025-10-29 15:26:42.001,360,23188
2025-10-29 15:26:42.001,360,23184
2025-10-29 15:26:42.001,360,23175
2025-10-29 15:26:42.001,360,23174
2025-10-29 15:26:42.001,360,23164
2025-10-29 15:26:42.001,360,22144
2025-10-29 15:26:42.001,360,22132
2025-10-29 15:26:42.001,360,22126
2025-10-29 15:26:43.000,363,23108
2025-10-29 15:26:43.000,363,23086
2025-10-29 15:26:43.001,363,23063
2025-10-29 15:26:43.001,363,23035
2025-10-29 15:26:43.001,363,23034
2025-10-29 15:26:43.001,363,22999
2025-10-29 15:26:43.001,363,22994
2025-10-29 15:26:43.001,363,22971
2025-10-29 15:26:43.001,363,22955
2025-10-29 15:26:43.001,363,22930
2025-10-29 15:26:44.000,366,23925
2025-10-29 15:26:44.000,366,23152
2025-10-29 15:26:44.000,366,23123
2025-10-29 15:26:44.000,366,23091
2025-10-29 15:26:44.000,366,23088
2025-10-29 15:26:44.000,366,23085
2025-10-29 15:26:44.000,366,23078
2025-10-29 15:26:44.000,366,23073
2025-10-29 15:26:44.000,366,23064
2025-10-29 15:26:44.000,366,23057
2025-10-29 15:26:45.001,367,24041
2025-10-29 15:26:45.001,367,24040
2025-10-29 15:26:45.001,367,24037
2025-10-29 15:26:45.001,367,24026
2025-10-29 15:26:45.001,367,23984
2025-10-29 15:26:45.001,367,23968
2025-10-29 15:26:45.001,367,23122
2025-10-29 15:26:45.001,367,23103
2025-10-29 15:26:45.001,367,23092
2025-10-29 15:26:45.001,367,23073
2025-10-29 15:26:46.000,373,24047
2025-10-29 15:26:46.000,373,24044
2025-10-29 15:26:46.000,373,24030
2025-10-29 15:26:46.000,373,24012
2025-10-29 15:26:46.000,373,23984
2025-10-29 15:26:46.000,373,23968
2025-10-29 15:26:46.000,373,23965
2025-10-29 15:26:46.000,373,23938
2025-10-29 15:26:46.000,373,23927
2025-10-29 15:26:46.000,373,23921
2025-10-29 15:26:47.000,376,24122
2025-10-29 15:26:47.000,376,24120
2025-10-29 15:26:47.000,376,24089
2025-10-29 15:26:47.000,376,24035
2025-10-29 15:26:47.000,376,24024
2025-10-29 15:26:47.000,376,24022
2025-10-29 15:26:47.000,376,24017
2025-10-29 15:26:47.000,376,24014
2025-10-29 15:26:47.001,376,24010
2025-10-29 15:26:47.001,376,24000
2025-10-29 15:26:48.001,381,24984
2025-10-29 15:26:48.001,381,24977
2025-10-29 15:26:48.001,381,24972
2025-10-29 15:26:48.001,381,24955
2025-10-29 15:26:48.001,381,24936
2025-10-29 15:26:48.001,381,24921
2025-10-29 15:26:48.001,381,24916
2025-10-29 15:26:48.001,381,24915
2025-10-29 15:26:48.001,381,24908
2025-10-29 15:26:48.001,381,24901
2025-10-29 15:26:49.001,378,25111
2025-10-29 15:26:49.001,378,25091
2025-10-29 15:26:49.001,378,25061
2025-10-29 15:26:49.001,378,25056
2025-10-29 15:26:49.001,378,25039
2025-10-29 15:26:49.001,378,25025
2025-10-29 15:26:49.001,378,25015
2025-10-29 15:26:49.001,378,25011
2025-10-29 15:26:49.001,378,25009
2025-10-29 15:26:49.001,378,25004
2025-10-29 15:26:50.000,384,25991
2025-10-29 15:26:50.000,384,25988
2025-10-29 15:26:50.000,384,25132
2025-10-29 15:26:50.000,384,25124
2025-10-29 15:26:50.000,384,25117
2025-10-29 15:26:50.000,384,25100
2025-10-29 15:26:50.000,384,25074
2025-10-29 15:26:50.000,384,25073
2025-10-29 15:26:50.000,384,25070
2025-10-29 15:26:50.001,384,25064
2025-10-29 15:26:51.000,381,26061
2025-10-29 15:26:51.001,381,26057
2025-10-29 15:26:51.001,381,26041
2025-10-29 15:26:51.001,381,26037
2025-10-29 15:26:51.001,381,26037
2025-10-29 15:26:51.001,381,26026
2025-10-29 15:26:51.001,381,26017
2025-10-29 15:26:51.001,381,26005
2025-10-29 15:26:51.001,381,25997
2025-10-29 15:26:51.001,381,25996
2025-10-29 15:26:52.000,379,26990
2025-10-29 15:26:52.000,379,26987
2025-10-29 15:26:52.000,379,26984
2025-10-29 15:26:52.000,379,26979
2025-10-29 15:26:52.000,379,26978
2025-10-29 15:26:52.000,379,26969
2025-10-29 15:26:52.000,379,26967
2025-10-29 15:26:52.000,379,26960
2025-10-29 15:26:52.000,379,26959
2025-10-29 15:26:52.000,379,26957
2025-10-29 15:26:53.001,381,27951
2025-10-29 15:26:53.001,381,27944
2025-10-29 15:26:53.001,381,27156
2025-10-29 15:26:53.001,381,27143
2025-10-29 15:26:53.001,381,27142
2025-10-29 15:26:53.001,381,27114
2025-10-29 15:26:53.001,381,27100
2025-10-29 15:26:53.001,381,27076
2025-10-29 15:26:53.001,381,27074
2025-10-29 15:26:53.001,381,27071
2025-10-29 15:26:54.000,381,28033
2025-10-29 15:26:54.000,381,28013
2025-10-29 15:26:54.000,381,28010
2025-10-29 15:26:54.000,381,27936
2025-10-29 15:26:54.000,381,27135
2025-10-29 15:26:54.000,381,27130
2025-10-29 15:26:54.000,381,27122
2025-10-29 15:26:54.000,381,27110
2025-10-29 15:26:54.000,381,27089
2025-10-29 15:26:54.000,381,27081
2025-10-29 15:26:55.001,376,28067
2025-10-29 15:26:55.001,376,28066
2025-10-29 15:26:55.001,376,28056
2025-10-29 15:26:55.001,376,28040
2025-10-29 15:26:55.001,376,28023
2025-10-29 15:26:55.001,376,28020
2025-10-29 15:26:55.001,376,27994
2025-10-29 15:26:55.001,376,27986
2025-10-29 15:26:55.001,376,27970
2025-10-29 15:26:55.001,376,27963
2025-10-29 15:26:56.000,371,28956
2025-10-29 15:26:56.000,371,28144
2025-10-29 15:26:56.000,371,28140
2025-10-29 15:26:56.000,371,28137
2025-10-29 15:26:56.000,371,28135
2025-10-29 15:26:56.000,371,28120
2025-10-29 15:26:56.000,371,28087
2025-10-29 15:26:56.000,371,28079
2025-10-29 15:26:56.000,371,28074
2025-10-29 15:26:56.000,371,28051
2025-10-29 15:26:57.001,371,29046
2025-10-29 15:26:57.001,371,29039
2025-10-29 15:26:57.001,371,29023
2025-10-29 15:26:57.001,371,29010
2025-10-29 15:26:57.001,371,29007
2025-10-29 15:26:57.001,371,28990
2025-10-29 15:26:57.001,371,28142
2025-10-29 15:26:57.001,371,28139
2025-10-29 15:26:57.001,371,28128
2025-10-29 15:26:57.001,371,28125
2025-10-29 15:26:58.000,369,29100
2025-10-29 15:26:58.000,369,29083
2025-10-29 15:26:58.000,369,29058
2025-10-29 15:26:58.000,369,29048
2025-10-29 15:26:58.000,369,29030
2025-10-29 15:26:58.000,369,29015
2025-10-29 15:26:58.000,369,29010
2025-10-29 15:26:58.000,369,28987
2025-10-29 15:26:58.000,369,28972
2025-10-29 15:26:58.000,369,28971
2025-10-29 15:26:59.001,367,29955
2025-10-29 15:26:59.001,367,28948
2025-10-29 15:26:59.001,367,28931
2025-10-29 15:26:59.001,367,28921
2025-10-29 15:26:59.001,367,28914
2025-10-29 15:26:59.001,367,28903
2025-10-29 15:26:59.001,367,28898
2025-10-29 15:26:59.001,367,28888
2025-10-29 15:26:59.001,367,28873
2025-10-29 15:26:59.001,367,28869
2025-10-29 15:27:00.000,365,29861
2025-10-29 15:27:00.000,365,29827
2025-10-29 15:27:00.000,365,29814
2025-10-29 15:27:00.000,365,29803
2025-10-29 15:27:00.000,365,29790
2025-10-29 15:27:00.000,365,29764
2025-10-29 15:27:00.000,365,28939
2025-10-29 15:27:00.000,365,28926
2025-10-29 15:27:00.000,365,28902
2025-10-29 15:27:00.000,365,28890
2025-10-29 15:27:01.000,361,29867
2025-10-29 15:27:01.000,361,29854
2025-10-29 15:27:01.000,361,29850
2025-10-29 15:27:01.000,361,29849
2025-10-29 15:27:01.000,361,29847
2025-10-29 15:27:01.000,361,29828
2025-10-29 15:27:01.000,361,29811
2025-10-29 15:27:01.000,361,29795
2025-10-29 15:27:01.000,361,29790
2025-10-29 15:27:01.000,361,29780
2025-10-29 15:27:02.001,352,30767
2025-10-29 15:27:02.001,352,30760
2025-10-29 15:27:02.001,352,30759
2025-10-29 15:27:02.001,352,29943
2025-10-29 15:27:02.001,352,29903
2025-10-29 15:27:02.001,352,29891
2025-10-29 15:27:02.001,352,29879
2025-10-29 15:27:02.001,352,29843
2025-10-29 15:27:02.001,352,29830
2025-10-29 15:27:02.001,352,29822
2025-10-29 15:27:03.000,350,30815
2025-10-29 15:27:03.000,350,30795
2025-10-29 15:27:03.000,350,30789
2025-10-29 15:27:03.000,350,30785
2025-10-29 15:27:03.000,350,30776
2025-10-29 15:27:03.000,350,30765
2025-10-29 15:27:03.000,350,29916
2025-10-29 15:27:03.000,350,29913
2025-10-29 15:27:03.000,350,29867
2025-10-29 15:27:03.000,350,29859
2025-10-29 15:27:04.000,344,30856
2025-10-29 15:27:04.000,344,30850
2025-10-29 15:27:04.000,344,30842
2025-10-29 15:27:04.000,344,30841
2025-10-29 15:27:04.000,344,30832
2025-10-29 15:27:04.000,344,30823
2025-10-29 15:27:04.000,344,30798
2025-10-29 15:27:04.000,344,30783
2025-10-29 15:27:04.000,344,30774
2025-10-29 15:27:04.000,344,30756
2025-10-29 15:27:05.001,340,31751
2025-10-29 15:27:05.001,340,31743
2025-10-29 15:27:05.001,340,31741
2025-10-29 15:27:05.001,340,31728
2025-10-29 15:27:05.001,340,30943
2025-10-29 15:27:05.001,340,30929
2025-10-29 15:27:05.001,340,30916
2025-10-29 15:27:05.001,340,30899
2025-10-29 15:27:05.001,340,30877
2025-10-29 15:27:05.001,340,30856
2025-10-29 15:27:06.000,336,31835
2025-10-29 15:27:06.000,336,31814
2025-10-29 15:27:06.000,336,31804
2025-10-29 15:27:06.000,336,31748
2025-10-29 15:27:06.000,336,31742
2025-10-29 15:27:06.000,336,31735
2025-10-29 15:27:06.000,336,30943
2025-10-29 15:27:06.000,336,30928
2025-10-29 15:27:06.000,336,30918
2025-10-29 15:27:06.000,336,30898
2025-10-29 15:27:07.000,330,31893
2025-10-29 15:27:07.000,330,31887
2025-10-29 15:27:07.000,330,31884
2025-10-29 15:27:07.000,330,31858
2025-10-29 15:27:07.000,330,31852
2025-10-29 15:27:07.000,330,31845
2025-10-29 15:27:07.000,330,31833
2025-10-29 15:27:07.000,330,31813
2025-10-29 15:27:07.000,330,31791
2025-10-29 15:27:07.000,330,31781
2025-10-29 15:27:08.001,321,32776
2025-10-29 15:27:08.001,321,31948
2025-10-29 15:27:08.001,321,31933
2025-10-29 15:27:08.001,321,31905
2025-10-29 15:27:08.001,321,31893
2025-10-29 15:27:08.001,321,31886
2025-10-29 15:27:08.001,321,31869
2025-10-29 15:27:08.001,321,31852
2025-10-29 15:27:08.001,321,31837
2025-10-29 15:27:08.001,321,31815
2025-10-29 15:27:09.000,314,32761
2025-10-29 15:27:09.000,314,32740
2025-10-29 15:27:09.000,314,32721
2025-10-29 15:27:09.000,314,32705
2025-10-29 15:27:09.000,314,32701
2025-10-29 15:27:09.000,314,31935
2025-10-29 15:27:09.000,314,31929
2025-10-29 15:27:09.000,314,31921
2025-10-29 15:27:09.000,314,31875
2025-10-29 15:27:09.000,314,31873
2025-10-29 15:27:10.001,310,32864
2025-10-29 15:27:10.001,310,32857
2025-10-29 15:27:10.001,310,32820
2025-10-29 15:27:10.001,310,32818
2025-10-29 15:27:10.001,310,32816
2025-10-29 15:27:10.001,310,32802
2025-10-29 15:27:10.001,310,32795
2025-10-29 15:27:10.001,310,32786
2025-10-29 15:27:10.001,310,32784
2025-10-29 15:27:10.001,310,32770
2025-10-29 15:27:11.000,306,33762
2025-10-29 15:27:11.000,306,33754
2025-10-29 15:27:11.000,306,33750
2025-10-29 15:27:11.000,306,33749
2025-10-29 15:27:11.000,306,32868
2025-10-29 15:27:11.000,306,32852
2025-10-29 15:27:11.000,306,32825
2025-10-29 15:27:11.000,306,32820
2025-10-29 15:27:11.001,306,32818
2025-10-29 15:27:11.001,306,32797
2025-10-29 15:27:12.000,300,33787
2025-10-29 15:27:12.000,300,33770
2025-10-29 15:27:12.000,300,33758
2025-10-29 15:27:12.000,300,33755
2025-10-29 15:27:12.000,300,33746
2025-10-29 15:27:12.000,300,33745
2025-10-29 15:27:12.000,300,32928
2025-10-29 15:27:12.001,300,32907
2025-10-29 15:27:12.001,300,32901
2025-10-29 15:27:12.001,300,32897
2025-10-29 15:27:13.000,293,33893
2025-10-29 15:27:13.000,293,33878
2025-10-29 15:27:13.000,293,33869
2025-10-29 15:27:13.000,293,33844
2025-10-29 15:27:13.000,293,33842
2025-10-29 15:27:13.000,293,33835
2025-10-29 15:27:13.000,293,33832
2025-10-29 15:27:13.000,293,33813
2025-10-29 15:27:13.000,293,33810
2025-10-29 15:27:13.000,293,33804
2025-10-29 15:27:14.000,288,34799
2025-10-29 15:27:14.000,288,34763
2025-10-29 15:27:14.000,288,33735
2025-10-29 15:27:14.000,288,33690
2025-10-29 15:27:14.000,288,33680
2025-10-29 15:27:14.000,288,33661
2025-10-29 15:27:14.000,288,33657
2025-10-29 15:27:14.000,288,33642
2025-10-29 15:27:14.000,288,33641
2025-10-29 15:27:14.000,288,33641
2025-10-29 15:27:15.001,284,34635
2025-10-29 15:27:15.001,284,34625
2025-10-29 15:27:15.001,284,34618
2025-10-29 15:27:15.001,284,34594
2025-10-29 15:27:15.001,284,34592
2025-10-29 15:27:15.001,284,33745
2025-10-29 15:27:15.001,284,33742
2025-10-29 15:27:15.001,284,33726
2025-10-29 15:27:15.001,284,33717
2025-10-29 15:27:15.001,284,33706
2025-10-29 15:27:16.000,282,34702
2025-10-29 15:27:16.000,282,34687
2025-10-29 15:27:16.000,282,34683
2025-10-29 15:27:16.000,282,34670
2025-10-29 15:27:16.000,282,34666
2025-10-29 15:27:16.000,282,34653
2025-10-29 15:27:16.000,282,34650
2025-10-29 15:27:16.001,282,34643
2025-10-29 15:27:16.001,282,34640
2025-10-29 15:27:16.001,282,34593
2025-10-29 15:27:17.000,274,34749
2025-10-29 15:27:17.000,274,34736
2025-10-29 15:27:17.000,274,34666
2025-10-29 15:27:17.000,274,34660
2025-10-29 15:27:17.000,274,34653
2025-10-29 15:27:17.000,274,34645
2025-10-29 15:27:17.000,274,34639
2025-10-29 15:27:17.000,274,34626
2025-10-29 15:27:17.000,274,34614
2025-10-29 15:27:17.000,274,34612
2025-10-29 15:27:18.000,274,35609
2025-10-29 15:27:18.000,274,35600
2025-10-29 15:27:18.000,274,35592
2025-10-29 15:27:18.000,274,34749
2025-10-29 15:27:18.000,274,34739
2025-10-29 15:27:18.000,274,34727
2025-10-29 15:27:18.000,274,34703
2025-10-29 15:27:18.000,274,34686
2025-10-29 15:27:18.000,274,34673
2025-10-29 15:27:18.000,274,34671
2025-10-29 15:27:19.001,265,35668
2025-10-29 15:27:19.001,265,35656
2025-10-29 15:27:19.001,265,35636
2025-10-29 15:27:19.001,265,35620
2025-10-29 15:27:19.001,265,35614
2025-10-29 15:27:19.001,265,35611
2025-10-29 15:27:19.001,265,34746
2025-10-29 15:27:19.001,265,34741
2025-10-29 15:27:19.001,265,34703
2025-10-29 15:27:19.001,265,34680
2025-10-29 15:27:20.000,251,35673
2025-10-29 15:27:20.000,251,35669
2025-10-29 15:27:20.000,251,35666
2025-10-29 15:27:20.000,251,35660
2025-10-29 15:27:20.000,251,35652
2025-10-29 15:27:20.000,251,35601
2025-10-29 15:27:20.000,251,35599
2025-10-29 15:27:20.000,251,34726
2025-10-29 15:27:20.000,251,34724
2025-10-29 15:27:20.000,251,34723
2025-10-29 15:27:21.001,245,35704
2025-10-29 15:27:21.001,245,35696
2025-10-29 15:27:21.001,245,35690
2025-10-29 15:27:21.001,245,35675
2025-10-29 15:27:21.001,245,35656
2025-10-29 15:27:21.001,245,35651
2025-10-29 15:27:21.001,245,35648
2025-10-29 15:27:21.001,245,35633
2025-10-29 15:27:21.001,245,35629
2025-10-29 15:27:21.001,245,35617
2025-10-29 15:27:22.001,236,36609
2025-10-29 15:27:22.001,236,36585
2025-10-29 15:27:22.001,236,36560
2025-10-29 15:27:22.001,236,35714
2025-10-29 15:27:22.001,236,35710
2025-10-29 15:27:22.001,236,35707
2025-10-29 15:27:22.001,236,35672
2025-10-29 15:27:22.001,236,35669
2025-10-29 15:27:22.001,236,35662
2025-10-29 15:27:22.001,236,35643
2025-10-29 15:27:23.000,229,36638
2025-10-29 15:27:23.000,229,36635
2025-10-29 15:27:23.000,229,36622
2025-10-29 15:27:23.000,229,36602
2025-10-29 15:27:23.000,229,36594
2025-10-29 15:27:23.000,229,36582
2025-10-29 15:27:23.000,229,35740
2025-10-29 15:27:23.000,229,35740
2025-10-29 15:27:23.000,229,35732
2025-10-29 15:27:23.000,229,35718
2025-10-29 15:27:24.000,220,36711
2025-10-29 15:27:24.000,220,36701
2025-10-29 15:27:24.000,220,36700
2025-10-29 15:27:24.000,220,36698
2025-10-29 15:27:24.000,220,36692
2025-10-29 15:27:24.000,220,36691
2025-10-29 15:27:24.001,220,36644
2025-10-29 15:27:24.001,220,36642
2025-10-29 15:27:24.001,220,36638
2025-10-29 15:27:24.001,220,36630
2025-10-29 15:27:25.000,216,37607
2025-10-29 15:27:25.000,216,36732
2025-10-29 15:27:25.000,216,36712
2025-10-29 15:27:25.000,216,36700
2025-10-29 15:27:25.000,216,36697
2025-10-29 15:27:25.000,216,36626
2025-10-29 15:27:25.000,216,36613
2025-10-29 15:27:25.000,216,36599
2025-10-29 15:27:25.000,216,35748
2025-10-29 15:27:25.000,216,35743
2025-10-29 15:27:26.001,211,36739
2025-10-29 15:27:26.001,211,36733
2025-10-29 15:27:26.001,211,36727
2025-10-29 15:27:26.001,211,36706
2025-10-29 15:27:26.001,211,36695
2025-10-29 15:27:26.001,211,36688
2025-10-29 15:27:26.001,211,36671
2025-10-29 15:27:26.001,211,36669
2025-10-29 15:27:26.001,211,36655
2025-10-29 15:27:26.001,211,36653
2025-10-29 15:27:27.000,201,37618
2025-10-29 15:27:27.000,201,37589
2025-10-29 15:27:27.000,201,37584
2025-10-29 15:27:27.000,201,37576
2025-10-29 15:27:27.000,201,36557
2025-10-29 15:27:27.000,201,36532
2025-10-29 15:27:27.000,201,36499
2025-10-29 15:27:27.000,201,36495
2025-10-29 15:27:27.000,201,36493
2025-10-29 15:27:27.000,201,36482
2025-10-29 15:27:28.000,192,37481
2025-10-29 15:27:28.000,192,36563
2025-10-29 15:27:28.000,192,36546
2025-10-29 15:27:28.000,192,36539
2025-10-29 15:27:28.000,192,36509
2025-10-29 15:27:28.000,192,36503
2025-10-29 15:27:28.000,192,36491
2025-10-29 15:27:28.000,192,36483
2025-10-29 15:27:28.000,192,36472
2025-10-29 15:27:28.000,192,35534
2025-10-29 15:27:29.001,192,36531
2025-10-29 15:27:29.001,192,36530
2025-10-29 15:27:29.001,192,36511
2025-10-29 15:27:29.001,192,36509
2025-10-29 15:27:29.001,192,36509
2025-10-29 15:27:29.001,192,36494
2025-10-29 15:27:29.001,192,36486
2025-10-29 15:27:29.001,192,36477
2025-10-29 15:27:29.001,192,36474
2025-10-29 15:27:29.001,192,36472
2025-10-29 15:27:30.000,165,37469
2025-10-29 15:27:30.000,165,36567
2025-10-29 15:27:30.000,165,36509
2025-10-29 15:27:30.000,165,36506
2025-10-29 15:27:30.000,165,36503
2025-10-29 15:27:30.000,165,36500
2025-10-29 15:27:30.000,165,36491
2025-10-29 15:27:30.000,165,36486
2025-10-29 15:27:30.000,165,36479
2025-10-29 15:27:30.000,165,36468
2025-10-29 15:27:31.001,167,37468
2025-10-29 15:27:31.001,167,36515
2025-10-29 15:27:31.001,167,36496
2025-10-29 15:27:31.001,167,36491
2025-10-29 15:27:31.001,167,36481
2025-10-29 15:27:31.001,167,36474
2025-10-29 15:27:31.001,167,35514
2025-10-29 15:27:31.001,167,35506
2025-10-29 15:27:31.001,167,35499
2025-10-29 15:27:31.001,167,35496
2025-10-29 15:27:32.000,161,36484
2025-10-29 15:27:32.000,161,35563
2025-10-29 15:27:32.000,161,35554
2025-10-29 15:27:32.000,161,35531
2025-10-29 15:27:32.000,161,35511
2025-10-29 15:27:32.000,161,35510
2025-10-29 15:27:32.000,161,35477
2025-10-29 15:27:32.000,161,35472
2025-10-29 15:27:32.000,161,35467
2025-10-29 15:27:32.000,161,35464
2025-10-29 15:27:33.000,156,36460
2025-10-29 15:27:33.000,156,35569
2025-10-29 15:27:33.000,156,35508
2025-10-29 15:27:33.000,156,35507
2025-10-29 15:27:33.000,156,35500
2025-10-29 15:27:33.000,156,35498
2025-10-29 15:27:33.000,156,35495
2025-10-29 15:27:33.000,156,35490
2025-10-29 15:27:33.000,156,35476
2025-10-29 15:27:33.000,156,34562
2025-10-29 15:27:34.001,148,35560
2025-10-29 15:27:34.001,148,35556
2025-10-29 15:27:34.001,148,35543
2025-10-29 15:27:34.001,148,35501
2025-10-29 15:27:34.001,148,35492
2025-10-29 15:27:34.001,148,35464
2025-10-29 15:27:34.001,148,35463
2025-10-29 15:27:34.001,148,34563
2025-10-29 15:27:34.001,148,34527
2025-10-29 15:27:34.001,148,34511
2025-10-29 15:27:35.000,141,35499
2025-10-29 15:27:35.000,141,35488
2025-10-29 15:27:35.000,141,35478
2025-10-29 15:27:35.000,141,35471
2025-10-29 15:27:35.000,141,35470
2025-10-29 15:27:35.000,141,34434
2025-10-29 15:27:35.000,141,34418
2025-10-29 15:27:35.000,141,34403
2025-10-29 15:27:35.000,141,34393
2025-10-29 15:27:35.000,141,34380
2025-10-29 15:27:36.000,137,35368
2025-10-29 15:27:36.000,137,34369
2025-10-29 15:27:36.000,137,33441
2025-10-29 15:27:36.000,137,33431
2025-10-29 15:27:36.000,137,33424
2025-10-29 15:27:36.000,137,33420
2025-10-29 15:27:36.000,137,33418
2025-10-29 15:27:36.000,137,33408
2025-10-29 15:27:36.000,137,33378
2025-10-29 15:27:36.000,137,33375
2025-10-29 15:27:37.001,130,33442
2025-10-29 15:27:37.001,130,33441
2025-10-29 15:27:37.001,130,33428
2025-10-29 15:27:37.001,130,33406
2025-10-29 15:27:37.001,130,32436
2025-10-29 15:27:37.001,130,32425
2025-10-29 15:27:37.001,130,32418
2025-10-29 15:27:37.001,130,32402
2025-10-29 15:27:37.001,130,32400
2025-10-29 15:27:37.001,130,32391
2025-10-29 15:27:38.000,123,32442
2025-10-29 15:27:38.000,123,32414
2025-10-29 15:27:38.000,123,32401
2025-10-29 15:27:38.000,123,32393
2025-10-29 15:27:38.000,123,32378
2025-10-29 15:27:38.000,123,32370
2025-10-29 15:27:38.000,123,31438
2025-10-29 15:27:38.000,123,31392
2025-10-29 15:27:38.000,123,31374
2025-10-29 15:27:38.000,123,31353
2025-10-29 15:27:39.001,118,31442
2025-10-29 15:27:39.001,118,30425
2025-10-29 15:27:39.001,118,30414
2025-10-29 15:27:39.001,118,30401
2025-10-29 15:27:39.001,118,29437
2025-10-29 15:27:39.001,118,29425
2025-10-29 15:27:39.001,118,29422
2025-10-29 15:27:39.001,118,29401
2025-10-29 15:27:39.001,118,29386
2025-10-29 15:27:39.001,118,29382
2025-10-29 15:27:40.001,110,29345
2025-10-29 15:27:40.001,110,29342
2025-10-29 15:27:40.001,110,29336
2025-10-29 15:27:40.001,110,29325
2025-10-29 15:27:40.001,110,29314
2025-10-29 15:27:40.001,110,29311
2025-10-29 15:27:40.001,110,28356
2025-10-29 15:27:40.001,110,28348
2025-10-29 15:27:40.001,110,28333
2025-10-29 15:27:40.001,110,28322
2025-10-29 15:27:41.001,104,28348
2025-10-29 15:27:41.001,104,28312
2025-10-29 15:27:41.001,104,28311
2025-10-29 15:27:41.001,104,27347
2025-10-29 15:27:41.001,104,27334
2025-10-29 15:27:41.001,104,27333
2025-10-29 15:27:41.001,104,27312
2025-10-29 15:27:41.001,104,27307
2025-10-29 15:27:41.001,104,26353
2025-10-29 15:27:41.001,104,26347
2025-10-29 15:27:42.000,97,27344
2025-10-29 15:27:42.000,97,27318
2025-10-29 15:27:42.000,97,27313
2025-10-29 15:27:42.000,97,27310
2025-10-29 15:27:42.000,97,26363
2025-10-29 15:27:42.000,97,26362
2025-10-29 15:27:42.000,97,26353
2025-10-29 15:27:42.000,97,26342
2025-10-29 15:27:42.000,97,26330
2025-10-29 15:27:42.000,97,26326
2025-10-29 15:27:43.001,91,27323
2025-10-29 15:27:43.001,91,27312
2025-10-29 15:27:43.001,91,26365
2025-10-29 15:27:43.001,91,26319
2025-10-29 15:27:43.001,91,25352
2025-10-29 15:27:43.001,91,24354
2025-10-29 15:27:43.001,91,24344
2025-10-29 15:27:43.001,91,24328
2025-10-29 15:27:43.001,91,24326
2025-10-29 15:27:43.001,91,23348
2025-10-29 15:27:44.000,87,24344
2025-10-29 15:27:44.000,87,24325
2025-10-29 15:27:44.000,87,24321
2025-10-29 15:27:44.000,87,24311
2025-10-29 15:27:44.000,87,23293
2025-10-29 15:27:44.000,87,23291
2025-10-29 15:27:44.000,87,22299
2025-10-29 15:27:44.000,87,21304
2025-10-29 15:27:44.000,87,21294
2025-10-29 15:27:44.000,87,21275
2025-10-29 15:27:45.000,78,21302
2025-10-29 15:27:45.000,78,21301
2025-10-29 15:27:45.000,78,21293
2025-10-29 15:27:45.000,78,21292
2025-10-29 15:27:45.000,78,21289
2025-10-29 15:27:45.000,78,21287
2025-10-29 15:27:45.000,78,20300
2025-10-29 15:27:45.000,78,20297
2025-10-29 15:27:45.000,78,20295
2025-10-29 15:27:45.000,78,19294
2025-10-29 15:27:46.001,72,20291
2025-10-29 15:27:46.001,72,19297
2025-10-29 15:27:46.001,72,18279
2025-10-29 15:27:46.001,72,16287
2025-10-29 15:27:46.001,72,16285
2025-10-29 15:27:46.001,72,16273
2025-10-29 15:27:46.001,72,16271
2025-10-29 15:27:46.001,72,15225
2025-10-29 15:27:46.001,72,14257
2025-10-29 15:27:46.001,72,14248
2025-10-29 15:27:47.000,66,15246
2025-10-29 15:27:47.000,66,15240
2025-10-29 15:27:47.000,66,15239
2025-10-29 15:27:47.000,66,15239
2025-10-29 15:27:47.000,66,15237
2025-10-29 15:27:47.000,66,15236
2025-10-29 15:27:47.000,66,14254
2025-10-29 15:27:47.000,66,14253
2025-10-29 15:27:47.000,66,13250
2025-10-29 15:27:47.000,66,13245
2025-10-29 15:27:48.000,62,14241
2025-10-29 15:27:48.000,62,13254
2025-10-29 15:27:48.000,62,13253
2025-10-29 15:27:48.000,62,13237
2025-10-29 15:27:48.000,62,13232
2025-10-29 15:27:48.001,62,13227
2025-10-29 15:27:48.001,62,13225
2025-10-29 15:27:48.001,62,12255
2025-10-29 15:27:48.001,62,12234
2025-10-29 15:27:48.001,62,12229
2025-10-29 15:27:49.000,58,12250
2025-10-29 15:27:49.000,58,12236
2025-10-29 15:27:49.000,58,12214
2025-10-29 15:27:49.000,58,11249
2025-10-29 15:27:49.000,58,11244
2025-10-29 15:27:49.000,58,11229
2025-10-29 15:27:49.000,58,11227
2025-10-29 15:27:49.000,58,11224
2025-10-29 15:27:49.000,58,10246
2025-10-29 15:27:49.000,58,10223
2025-10-29 15:27:50.001,51,10250
2025-10-29 15:27:50.001,51,10249
2025-10-29 15:27:50.001,51,10243
2025-10-29 15:27:50.001,51,10235
2025-10-29 15:27:50.001,51,9220
2025-10-29 15:27:50.001,51,9206
2025-10-29 15:27:50.001,51,9192
2025-10-29 15:27:50.001,51,8228
2025-10-29 15:27:50.001,51,8208
2025-10-29 15:27:50.001,51,8206
2025-10-29 15:27:51.000,47,9201
2025-10-29 15:27:51.000,47,8218
2025-10-29 15:27:51.000,47,8216
2025-10-29 15:27:51.000,47,8204
2025-10-29 15:27:51.000,47,8200
2025-10-29 15:27:51.000,47,7218
2025-10-29 15:27:51.000,47,7211
2025-10-29 15:27:51.000,47,7207
2025-10-29 15:27:51.000,47,6223
2025-10-29 15:27:51.000,47,6220
2025-10-29 15:27:52.000,40,7202
2025-10-29 15:27:52.000,40,7201
2025-10-29 15:27:52.000,40,6221
2025-10-29 15:27:52.000,40,6209
2025-10-29 15:27:52.000,40,6207
2025-10-29 15:27:52.000,40,6194
2025-10-29 15:27:52.000,40,5220
2025-10-29 15:27:52.000,40,5211
2025-10-29 15:27:52.000,40,5206
2025-10-29 15:27:52.000,40,5203
2025-10-29 15:27:53.000,34,6200
2025-10-29 15:27:53.000,34,6195
2025-10-29 15:27:53.000,34,5228
2025-10-29 15:27:53.000,34,5223
2025-10-29 15:27:53.000,34,5215
2025-10-29 15:27:53.000,34,5207
2025-10-29 15:27:53.000,34,4225
2025-10-29 15:27:53.000,34,4223
2025-10-29 15:27:53.000,34,4205
2025-10-29 15:27:53.000,34,4188
2025-10-29 15:27:54.001,30,5188
2025-10-29 15:27:54.001,30,4225
2025-10-29 15:27:54.001,30,4224
2025-10-29 15:27:54.001,30,4217
2025-10-29 15:27:54.001,30,4215
2025-10-29 15:27:54.001,30,4209
2025-10-29 15:27:54.001,30,3189
2025-10-29 15:27:54.001,30,3185
2025-10-29 15:27:54.001,30,3176
2025-10-29 15:27:54.001,30,3170
2025-10-29 15:27:55.000,23,3189
2025-10-29 15:27:55.000,23,3175
2025-10-29 15:27:55.000,23,3169
2025-10-29 15:27:55.000,23,3159
2025-10-29 15:27:55.000,23,2190
2025-10-29 15:27:55.000,23,2186
2025-10-29 15:27:55.000,23,2181
2025-10-29 15:27:55.000,23,2176
2025-10-29 15:27:55.000,23,1188
2025-10-29 15:27:55.000,23,1179
2025-10-29 15:27:56.001,17,2172
2025-10-29 15:27:56.001,17,2167
2025-10-29 15:27:56.001,17,2165
2025-10-29 15:27:56.001,17,1188
2025-10-29 15:27:56.001,17,1179
2025-10-29 15:27:56.001,17,1172
2025-10-29 15:27:56.001,17,1163
2025-10-29 15:27:56.001,17,191
2025-10-29 15:27:56.001,17,189
2025-10-29 15:27:56.001,17,188
2025-10-29 15:27:57.001,14,1186
2025-10-29 15:27:57.001,14,1184
2025-10-29 15:27:57.001,14,1174
2025-10-29 15:27:57.001,14,1163
2025-10-29 15:27:57.001,14,193
2025-10-29 15:27:57.001,14,168
2025-10-29 15:27:57.001,14,167
2025-10-29 15:27:57.001,14,165
2025-10-29 15:27:57.001,14,163
2025-10-29 15:27:57.807,9,1
2025-10-29 15:27:58.000,9,193
2025-10-29 15:27:58.000,9,183
2025-10-29 15:27:58.000,9,175
2025-10-29 15:27:58.000,9,172
2025-10-29 15:27:58.817,9,1
2025-10-29 15:27:58.822,9,5
2025-10-29 15:27:58.832,7,1
2025-10-29 15:27:58.836,7,1
2025-10-29 15:27:58.839,7,2
2025-10-29 15:27:58.841,7,1
2025-10-29 15:27:59.807,7,0
2025-10-29 15:27:59.812,7,4
2025-10-29 15:27:59.824,7,1
2025-10-29 15:27:59.825,7,1
2025-10-29 15:27:59.827,7,1
2025-10-29 15:27:59.828,7,1
2025-10-29 15:27:59.831,7,0
2025-10-29 15:27:59.837,7,1
2025-10-29 15:28:00.844,7,4
2025-10-29 15:28:00.850,8,0
2025-10-29 15:28:00.863,8,1
2025-10-29 15:28:00.864,8,1
2025-10-29 15:28:00.865,8,1
2025-10-29 15:28:00.869,8,1
2025-10-29 15:28:01.851,6,1
2025-10-29 15:28:01.853,6,0
2025-10-29 15:28:01.854,6,0
2025-10-29 15:28:01.855,6,0
2025-10-29 15:28:01.859,6,1
2025-10-29 15:28:01.860,6,1
2025-10-29 15:28:01.862,6,0
2025-10-29 15:28:01.866,6,0
2025-10-29 15:28:01.869,6,1
2025-10-29 15:28:02.844,9,1
2025-10-29 15:28:02.846,9,1
2025-10-29 15:28:02.855,9,1
2025-10-29 15:28:02.858,9,0
2025-10-29 15:28:02.863,9,0
2025-10-29 15:28:02.869,9,1
2025-10-29 15:28:03.842,6,1
2025-10-29 15:28:03.844,6,0
2025-10-29 15:28:03.849,6,1
2025-10-29 15:28:03.852,6,1
2025-10-29 15:28:03.855,6,1
2025-10-29 15:28:03.866,6,1
2025-10-29 15:28:04.841,6,1
2025-10-29 15:28:04.847,6,1
2025-10-29 15:28:04.850,6,0
2025-10-29 15:28:04.855,6,1
2025-10-29 15:28:04.856,6,0
2025-10-29 15:28:04.877,6,0
2025-10-29 15:28:04.882,6,0
2025-10-29 15:28:04.884,6,1
2025-10-29 15:28:05.843,6,1
2025-10-29 15:28:05.853,6,2
2025-10-29 15:28:05.861,10,1
2025-10-29 15:28:05.863,10,1
2025-10-29 15:28:05.864,10,1
2025-10-29 15:28:05.866,10,1
2025-10-29 15:28:05.868,10,0
2025-10-29 15:28:05.871,10,1
2025-10-29 15:28:06.843,10,1
2025-10-29 15:28:06.854,10,1
2025-10-29 15:28:06.856,9,0
2025-10-29 15:28:06.864,9,2
2025-10-29 15:28:06.866,9,1
2025-10-29 15:28:06.872,9,2
2025-10-29 15:28:06.882,9,0
2025-10-29 15:28:07.848,6,0
2025-10-29 15:28:07.849,6,0
2025-10-29 15:28:07.854,6,1
2025-10-29 15:28:07.856,6,0
2025-10-29 15:28:07.859,6,0
2025-10-29 15:28:07.864,6,1
2025-10-29 15:28:08.844,6,1
2025-10-29 15:28:08.847,6,1
2025-10-29 15:28:08.849,6,1
2025-10-29 15:28:08.854,6,2
2025-10-29 15:28:08.863,6,2
2025-10-29 15:28:08.865,6,1
2025-10-29 15:28:08.876,6,0
2025-10-29 15:28:08.883,6,0
2025-10-29 15:28:08.885,6,1
2025-10-29 15:28:08.889,6,0
2025-10-29 15:28:09.001,12,111
2025-10-29 15:28:09.001,12,109
2025-10-29 15:28:09.841,12,1
2025-10-29 15:28:09.843,12,2
2025-10-29 15:28:09.843,12,1
2025-10-29 15:28:09.848,12,1
2025-10-29 15:28:09.856,12,1
2025-10-29 15:28:09.857,12,0
2025-10-29 15:28:09.859,12,0
2025-10-29 15:28:09.866,12,0
2025-10-29 15:28:10.000,12,132
2025-10-29 15:28:10.000,12,130
2025-10-29 15:28:10.000,12,128
2025-10-29 15:28:10.000,12,125
2025-10-29 15:28:10.879,12,0
2025-10-29 15:28:10.887,12,1
2025-10-29 15:28:10.890,4,3
2025-10-29 15:28:10.890,4,1
2025-10-29 15:28:10.891,4,0
2025-10-29 15:28:10.892,4,0
2025-10-29 15:28:11.001,4,108
2025-10-29 15:28:11.001,4,107
2025-10-29 15:28:11.001,4,106
2025-10-29 15:28:11.001,4,105
2025-10-29 15:28:11.001,4,104
2025-10-29 15:28:11.001,4,101
2025-10-29 15:28:11.001,4,99
2025-10-29 15:28:11.001,4,95
2025-10-29 15:28:11.001,4,92
2025-10-29 15:28:11.888,4,3
2025-10-29 15:28:12.000,2,113
2025-10-29 15:28:12.000,2,111
2025-10-29 15:28:12.000,2,110
2025-10-29 15:28:12.000,2,107
2025-10-29 15:28:12.000,2,104
2025-10-29 15:28:12.000,2,101
2025-10-29 15:28:12.000,2,97
2025-10-29 15:28:12.000,2,95
2025-10-29 15:28:12.000,2,92
2025-10-29 15:28:12.000,2,86
2025-10-29 15:28:13.001,3,122
2025-10-29 15:28:13.001,3,118
2025-10-29 15:28:13.001,3,111
2025-10-29 15:28:13.001,3,108
2025-10-29 15:28:13.001,3,94
2025-10-29 15:28:13.001,3,92
2025-10-29 15:28:13.879,3,2
2025-10-29 15:28:13.882,3,4
2025-10-29 15:28:13.887,3,2
2025-10-29 15:28:13.890,4,3
2025-10-29 15:28:14.000,4,112
2025-10-29 15:28:14.000,4,109
2025-10-29 15:28:14.000,4,108
2025-10-29 15:28:14.000,4,106
2025-10-29 15:28:14.000,4,103
2025-10-29 15:28:14.000,4,99
2025-10-29 15:28:14.000,4,95
2025-10-29 15:28:14.000,4,92
2025-10-29 15:28:14.879,4,2
2025-10-29 15:28:14.888,4,2
2025-10-29 15:28:15.000,2,107
2025-10-29 15:28:15.000,2,106
2025-10-29 15:28:15.000,2,104
2025-10-29 15:28:15.000,2,103
2025-10-29 15:28:15.000,2,102
2025-10-29 15:28:15.000,2,96
2025-10-29 15:28:15.000,2,95
2025-10-29 15:28:15.880,2,1
2025-10-29 15:28:15.882,2,1
2025-10-29 15:28:15.883,2,1
2025-10-29 15:28:16.000,4,109
2025-10-29 15:28:16.001,4,103
2025-10-29 15:28:16.001,4,100
2025-10-29 15:28:16.001,4,97
2025-10-29 15:28:16.001,4,92
2025-10-29 15:28:16.878,4,1
2025-10-29 15:28:16.880,4,1
2025-10-29 15:28:16.896,4,2
2025-10-29 15:28:16.897,4,2
2025-10-29 15:28:16.900,5,4
2025-10-29 15:28:17.000,5,102
2025-10-29 15:28:17.000,5,101
2025-10-29 15:28:17.000,5,98
2025-10-29 15:28:17.000,5,96
2025-10-29 15:28:17.000,5,95
2025-10-29 15:28:17.000,5,94
2025-10-29 15:28:17.884,5,1
2025-10-29 15:28:17.888,5,3
2025-10-29 15:28:17.891,1,2
2025-10-29 15:28:17.899,1,2
2025-10-29 15:28:18.000,1,93
2025-10-29 15:28:18.879,1,2
2025-10-29 15:28:18.900,1,2
2025-10-29 15:28:18.908,1,2
2025-10-29 15:28:18.912,4,4
2025-10-29 15:28:18.919,4,2
2025-10-29 15:28:19.886,4,2
2025-10-29 15:28:19.891,2,5
2025-10-29 15:28:19.892,2,1
2025-10-29 15:28:19.894,2,1
2025-10-29 15:28:19.897,2,1
2025-10-29 15:28:19.902,2,2
2025-10-29 15:28:19.904,2,2
2025-10-29 15:28:19.906,2,2
2025-10-29 15:28:19.915,2,2
2025-10-29 15:28:19.919,2,2
2025-10-29 15:28:20.928,2,2
2025-10-29 15:28:20.930,1,1
2025-10-29 15:28:20.940,1,1
2025-10-29 15:28:20.941,1,1
2025-10-29 15:28:20.942,1,2
2025-10-29 15:28:20.943,1,2
2025-10-29 15:28:20.953,1,3
2025-10-29 15:28:20.956,1,2
2025-10-29 15:28:21.926,1,2
2025-10-29 15:28:21.929,4,3
2025-10-29 15:28:21.930,4,1
2025-10-29 15:28:21.931,4,1
2025-10-29 15:28:21.932,4,0
2025-10-29 15:28:21.940,4,1
2025-10-29 15:28:21.941,4,1
2025-10-29 15:28:21.947,4,1
2025-10-29 15:28:22.000,4,54
2025-10-29 15:28:22.000,4,53
2025-10-29 15:28:22.000,4,52
2025-10-29 15:28:22.000,4,45
2025-10-29 15:28:22.925,4,2
2025-10-29 15:28:22.927,6,3
2025-10-29 15:28:22.930,6,1
2025-10-29 15:28:22.931,6,1
2025-10-29 15:28:22.933,6,2
2025-10-29 15:28:22.936,6,1
2025-10-29 15:28:23.001,6,64
2025-10-29 15:28:23.001,6,63
2025-10-29 15:28:23.001,6,59
2025-10-29 15:28:23.001,6,57
2025-10-29 15:28:23.001,6,56
2025-10-29 15:28:23.001,6,51
2025-10-29 15:28:23.001,6,46
2025-10-29 15:28:23.924,6,1
2025-10-29 15:28:23.925,6,1
2025-10-29 15:28:23.929,9,1
2025-10-29 15:28:24.000,9,69
2025-10-29 15:28:24.000,9,66
2025-10-29 15:28:24.000,9,63
2025-10-29 15:28:24.000,9,61
2025-10-29 15:28:24.000,9,59
2025-10-29 15:28:24.000,9,54
2025-10-29 15:28:24.000,9,47
2025-10-29 15:28:24.000,9,44
2025-10-29 15:28:24.925,9,2
2025-10-29 15:28:24.928,11,3
2025-10-29 15:28:25.000,11,74
2025-10-29 15:28:25.000,11,73
2025-10-29 15:28:25.000,11,72
2025-10-29 15:28:25.000,11,71
2025-10-29 15:28:25.000,11,69
2025-10-29 15:28:25.000,11,68
2025-10-29 15:28:25.000,11,66
2025-10-29 15:28:25.000,11,61
2025-10-29 15:28:25.000,11,59
2025-10-29 15:28:25.000,11,57
2025-10-29 15:28:26.001,19,1056
2025-10-29 15:28:26.001,19,1055
2025-10-29 15:28:26.001,19,1054
2025-10-29 15:28:26.001,19,1052
2025-10-29 15:28:26.001,19,1052
2025-10-29 15:28:26.001,19,1049
2025-10-29 15:28:26.001,19,1045
2025-10-29 15:28:26.001,19,75
2025-10-29 15:28:26.001,19,73
2025-10-29 15:28:26.001,19,70
2025-10-29 15:28:27.000,21,1067
2025-10-29 15:28:27.000,21,1063
2025-10-29 15:28:27.000,21,1060
2025-10-29 15:28:27.000,21,1057
2025-10-29 15:28:27.000,21,1056
2025-10-29 15:28:27.000,21,1055
2025-10-29 15:28:27.000,21,1051
2025-10-29 15:28:27.000,21,1050
2025-10-29 15:28:27.000,21,1049
2025-10-29 15:28:27.000,21,1046
2025-10-29 15:28:28.000,30,1074
2025-10-29 15:28:28.000,30,1070
2025-10-29 15:28:28.000,30,1065
2025-10-29 15:28:28.000,30,1063
2025-10-29 15:28:28.000,30,1062
2025-10-29 15:28:28.000,30,1061
2025-10-29 15:28:28.000,30,1059
2025-10-29 15:28:28.000,30,1058
2025-10-29 15:28:28.000,30,1053
2025-10-29 15:28:28.000,30,1052
2025-10-29 15:28:29.001,33,2052
2025-10-29 15:28:29.001,33,2051
2025-10-29 15:28:29.001,33,2047
2025-10-29 15:28:29.001,33,2046
2025-10-29 15:28:29.001,33,2045
2025-10-29 15:28:29.001,33,2043
2025-10-29 15:28:29.001,33,2041
2025-10-29 15:28:29.001,33,2040
2025-10-29 15:28:29.001,33,1077
2025-10-29 15:28:29.001,33,1075
2025-10-29 15:28:30.000,32,2071
2025-10-29 15:28:30.000,32,2070
2025-10-29 15:28:30.000,32,2067
2025-10-29 15:28:30.000,32,2047
2025-10-29 15:28:30.000,32,2046
2025-10-29 15:28:30.000,32,2040
2025-10-29 15:28:30.000,32,2035
2025-10-29 15:28:30.000,32,2033
2025-10-29 15:28:30.000,32,2032
2025-10-29 15:28:30.000,32,2031
2025-10-29 15:28:31.000,31,3029
2025-10-29 15:28:31.000,31,2075
2025-10-29 15:28:31.000,31,2073
2025-10-29 15:28:31.000,31,2065
2025-10-29 15:28:31.000,31,2064
2025-10-29 15:28:31.000,31,2061
2025-10-29 15:28:31.000,31,2050
2025-10-29 15:28:31.000,31,2045
2025-10-29 15:28:31.000,31,2039
2025-10-29 15:28:31.000,31,2033
2025-10-29 15:28:32.001,33,2071
2025-10-29 15:28:32.001,33,2071
2025-10-29 15:28:32.001,33,2067
2025-10-29 15:28:32.001,33,2066
2025-10-29 15:28:32.001,33,2063
2025-10-29 15:28:32.001,33,2061
2025-10-29 15:28:32.001,33,2060
2025-10-29 15:28:32.001,33,2058
2025-10-29 15:28:32.001,33,2057
2025-10-29 15:28:32.001,33,2055
2025-10-29 15:28:33.000,34,3047
2025-10-29 15:28:33.000,34,2038
2025-10-29 15:28:33.000,34,2037
2025-10-29 15:28:33.000,34,2034
2025-10-29 15:28:33.000,34,2032
2025-10-29 15:28:33.000,34,2025
2025-10-29 15:28:33.000,34,2022
2025-10-29 15:28:33.000,34,2021
2025-10-29 15:28:33.000,34,2020
2025-10-29 15:28:33.000,34,2013
2025-10-29 15:28:34.000,42,3011
2025-10-29 15:28:34.000,42,2040
2025-10-29 15:28:34.000,42,2038
2025-10-29 15:28:34.000,42,2033
2025-10-29 15:28:34.000,42,2032
2025-10-29 15:28:34.000,42,2027
2025-10-29 15:28:34.000,42,2025
2025-10-29 15:28:34.000,42,2022
2025-10-29 15:28:34.000,42,2016
2025-10-29 15:28:34.000,42,2013
2025-10-29 15:28:35.001,44,3012
2025-10-29 15:28:35.001,44,3012
2025-10-29 15:28:35.001,44,3007
2025-10-29 15:28:35.001,44,2041
2025-10-29 15:28:35.001,44,2038
2025-10-29 15:28:35.001,44,2037
2025-10-29 15:28:35.001,44,2032
2025-10-29 15:28:35.001,44,2028
2025-10-29 15:28:35.001,44,2024
2025-10-29 15:28:35.001,44,2024
2025-10-29 15:28:36.000,44,3021
2025-10-29 15:28:36.000,44,3020
2025-10-29 15:28:36.000,44,3016
2025-10-29 15:28:36.000,44,3016
2025-10-29 15:28:36.000,44,3013
2025-10-29 15:28:36.000,44,3012
2025-10-29 15:28:36.000,44,3011
2025-10-29 15:28:36.000,44,3010
2025-10-29 15:28:36.000,44,3009
2025-10-29 15:28:36.000,44,3008
2025-10-29 15:28:37.001,47,3044
2025-10-29 15:28:37.001,47,3042
2025-10-29 15:28:37.001,47,3038
2025-10-29 15:28:37.001,47,3031
2025-10-29 15:28:37.001,47,3028
2025-10-29 15:28:37.001,47,3024
2025-10-29 15:28:37.001,47,3024
2025-10-29 15:28:37.001,47,3022
2025-10-29 15:28:37.001,47,3020
2025-10-29 15:28:37.001,47,3017
2025-10-29 15:28:38.000,51,4014
2025-10-29 15:28:38.000,51,4009
2025-10-29 15:28:38.000,51,4005
2025-10-29 15:28:38.000,51,3039
2025-10-29 15:28:38.000,51,3028
2025-10-29 15:28:38.000,51,3025
2025-10-29 15:28:38.000,51,3021
2025-10-29 15:28:38.000,51,3014
2025-10-29 15:28:38.000,51,3011
2025-10-29 15:28:38.000,51,3010
2025-10-29 15:28:39.001,56,4009
2025-10-29 15:28:39.001,56,4005
2025-10-29 15:28:39.001,56,3043
2025-10-29 15:28:39.001,56,3042
2025-10-29 15:28:39.001,56,3038
2025-10-29 15:28:39.001,56,3037
2025-10-29 15:28:39.001,56,3035
2025-10-29 15:28:39.001,56,3033
2025-10-29 15:28:39.001,56,3025
2025-10-29 15:28:39.001,56,3023
2025-10-29 15:28:40.000,58,4016
2025-10-29 15:28:40.000,58,4015
2025-10-29 15:28:40.000,58,4013
2025-10-29 15:28:40.000,58,4012
2025-10-29 15:28:40.000,58,4011
2025-10-29 15:28:40.000,58,4010
2025-10-29 15:28:40.000,58,3042
2025-10-29 15:28:40.000,58,3030
2025-10-29 15:28:40.000,58,3027
2025-10-29 15:28:40.000,58,3023
2025-10-29 15:28:41.000,58,4022
2025-10-29 15:28:41.000,58,4021
2025-10-29 15:28:41.000,58,4019
2025-10-29 15:28:41.000,58,4018
2025-10-29 15:28:41.000,58,4016
2025-10-29 15:28:41.000,58,4013
2025-10-29 15:28:41.000,58,4012
2025-10-29 15:28:41.000,58,4009
2025-10-29 15:28:41.000,58,4002
2025-10-29 15:28:41.000,58,3999
2025-10-29 15:28:42.001,57,4043
2025-10-29 15:28:42.001,57,4038
2025-10-29 15:28:42.001,57,4037
2025-10-29 15:28:42.001,57,4037
2025-10-29 15:28:42.001,57,4034
2025-10-29 15:28:42.001,57,4033
2025-10-29 15:28:42.001,57,4029
2025-10-29 15:28:42.001,57,4025
2025-10-29 15:28:42.001,57,4021
2025-10-29 15:28:42.001,57,4019
2025-10-29 15:28:43.000,47,5014
2025-10-29 15:28:43.000,47,5010
2025-10-29 15:28:43.000,47,5008
2025-10-29 15:28:43.000,47,5006
2025-10-29 15:28:43.000,47,4040
2025-10-29 15:28:43.000,47,4038
2025-10-29 15:28:43.000,47,4037
2025-10-29 15:28:43.000,47,4035
2025-10-29 15:28:43.000,47,4028
2025-10-29 15:28:43.000,47,4026
2025-10-29 15:28:44.000,57,5025
2025-10-29 15:28:44.000,63,5024
2025-10-29 15:28:44.000,63,5019
2025-10-29 15:28:44.000,63,5017
2025-10-29 15:28:44.000,63,5011
2025-10-29 15:28:44.000,63,5009
2025-10-29 15:28:44.000,63,4040
2025-10-29 15:28:44.000,63,4038
2025-10-29 15:28:44.000,63,4033
2025-10-29 15:28:44.000,63,4032
2025-10-29 15:28:45.001,63,5031
2025-10-29 15:28:45.001,63,5024
2025-10-29 15:28:45.001,63,5022
2025-10-29 15:28:45.001,63,5010
2025-10-29 15:28:45.001,63,5007
2025-10-29 15:28:45.001,63,5006
2025-10-29 15:28:45.001,63,5005
2025-10-29 15:28:45.001,63,3997
2025-10-29 15:28:45.001,63,3992
2025-10-29 15:28:45.001,63,3991
2025-10-29 15:28:46.000,79,4984
2025-10-29 15:28:46.000,79,4981
2025-10-29 15:28:46.000,79,4971
2025-10-29 15:28:46.000,79,4969
2025-10-29 15:28:46.000,79,4956
2025-10-29 15:28:46.000,79,4003
2025-10-29 15:28:46.000,79,4001
2025-10-29 15:28:46.000,79,3998
2025-10-29 15:28:46.000,79,3996
2025-10-29 15:28:46.000,79,3994
2025-10-29 15:28:47.000,64,4988
2025-10-29 15:28:47.000,64,4987
2025-10-29 15:28:47.000,64,4985
2025-10-29 15:28:47.000,64,4984
2025-10-29 15:28:47.000,64,4983
2025-10-29 15:28:47.000,64,4982
2025-10-29 15:28:47.000,64,4980
2025-10-29 15:28:47.000,64,4979
2025-10-29 15:28:47.000,64,4976
2025-10-29 15:28:47.000,64,4974
2025-10-29 15:28:48.000,61,5972
2025-10-29 15:28:48.000,61,5970
2025-10-29 15:28:48.000,61,5969
2025-10-29 15:28:48.000,61,5968
2025-10-29 15:28:48.000,61,5002
2025-10-29 15:28:48.000,61,5000
2025-10-29 15:28:48.000,61,4995
2025-10-29 15:28:48.000,61,4991
2025-10-29 15:28:48.000,61,4990
2025-10-29 15:28:48.000,61,4988
2025-10-29 15:28:49.001,71,5987
2025-10-29 15:28:49.001,71,5986
2025-10-29 15:28:49.001,71,5985
2025-10-29 15:28:49.001,71,5984
2025-10-29 15:28:49.001,71,5981
2025-10-29 15:28:49.001,71,5980
2025-10-29 15:28:49.001,71,5979
2025-10-29 15:28:49.001,71,5977
2025-10-29 15:28:49.001,71,5973
2025-10-29 15:28:49.001,71,5972
2025-10-29 15:28:50.000,79,6970
2025-10-29 15:28:50.000,79,6004
2025-10-29 15:28:50.000,79,6001
2025-10-29 15:28:50.000,79,5999
2025-10-29 15:28:50.000,79,5997
2025-10-29 15:28:50.000,79,5995
2025-10-29 15:28:50.000,79,5993
2025-10-29 15:28:50.000,79,5990
2025-10-29 15:28:50.000,79,5989
2025-10-29 15:28:50.000,79,5987
2025-10-29 15:28:51.001,77,6985
2025-10-29 15:28:51.001,77,6980
2025-10-29 15:28:51.001,77,6979
2025-10-29 15:28:51.001,77,6978
2025-10-29 15:28:51.001,77,6976
2025-10-29 15:28:51.001,77,6973
2025-10-29 15:28:51.001,77,6968
2025-10-29 15:28:51.001,77,6967
2025-10-29 15:28:51.001,77,6001
2025-10-29 15:28:51.001,77,5995
2025-10-29 15:28:52.000,73,6987
2025-10-29 15:28:52.000,73,6980
2025-10-29 15:28:52.000,73,6971
2025-10-29 15:28:52.000,73,5995
2025-10-29 15:28:52.000,73,5985
2025-10-29 15:28:52.000,73,5984
2025-10-29 15:28:52.000,73,5977
2025-10-29 15:28:52.000,73,5975
2025-10-29 15:28:52.000,73,5972
2025-10-29 15:28:52.000,73,5969
2025-10-29 15:28:53.000,76,6001
2025-10-29 15:28:53.000,76,5995
2025-10-29 15:28:53.000,76,5994
2025-10-29 15:28:53.000,76,5993
2025-10-29 15:28:53.000,76,5991
2025-10-29 15:28:53.000,76,5990
2025-10-29 15:28:53.000,76,5989
2025-10-29 15:28:53.001,76,5989
2025-10-29 15:28:53.001,76,5988
2025-10-29 15:28:53.001,76,5986
2025-10-29 15:28:54.000,78,6984
2025-10-29 15:28:54.000,78,6982
2025-10-29 15:28:54.000,78,6981
2025-10-29 15:28:54.000,78,6979
2025-10-29 15:28:54.000,78,6975
2025-10-29 15:28:54.000,78,6972
2025-10-29 15:28:54.000,78,6970
2025-10-29 15:28:54.000,78,6969
2025-10-29 15:28:54.000,78,6966
2025-10-29 15:28:54.000,78,6003
2025-10-29 15:28:55.000,79,7002
2025-10-29 15:28:55.000,79,6996
2025-10-29 15:28:55.000,79,6995
2025-10-29 15:28:55.000,79,6989
2025-10-29 15:28:55.000,79,6988
2025-10-29 15:28:55.000,79,6987
2025-10-29 15:28:55.000,79,6984
2025-10-29 15:28:55.000,79,6982
2025-10-29 15:28:55.000,79,6976
2025-10-29 15:28:55.000,79,6974
2025-10-29 15:28:56.000,87,7972
2025-10-29 15:28:56.000,87,7970
2025-10-29 15:28:56.000,87,7969
2025-10-29 15:28:56.000,87,7968
2025-10-29 15:28:56.000,87,7967
2025-10-29 15:28:56.000,87,7965
2025-10-29 15:28:56.000,87,6977
2025-10-29 15:28:56.000,87,6976
2025-10-29 15:28:56.000,87,6975
2025-10-29 15:28:56.000,87,6972
2025-10-29 15:28:57.001,82,7970
2025-10-29 15:28:57.001,82,7966
2025-10-29 15:28:57.001,82,7964
2025-10-29 15:28:57.001,82,7963
2025-10-29 15:28:57.001,82,7000
2025-10-29 15:28:57.001,82,6999
2025-10-29 15:28:57.001,82,6997
2025-10-29 15:28:57.001,82,6996
2025-10-29 15:28:57.001,82,6994
2025-10-29 15:28:57.001,82,6986
2025-10-29 15:28:58.000,83,7983
2025-10-29 15:28:58.000,83,7981
2025-10-29 15:28:58.000,83,7979
2025-10-29 15:28:58.000,83,6955
2025-10-29 15:28:58.000,83,6953
2025-10-29 15:28:58.000,83,6950
2025-10-29 15:28:58.000,83,6949
2025-10-29 15:28:58.000,83,6946
2025-10-29 15:28:58.000,83,6943
2025-10-29 15:28:58.000,83,6938
2025-10-29 15:28:59.001,90,7938
2025-10-29 15:28:59.001,90,7937
2025-10-29 15:28:59.001,90,7936
2025-10-29 15:28:59.001,90,7934
2025-10-29 15:28:59.001,90,6965
2025-10-29 15:28:59.001,90,6964
2025-10-29 15:28:59.001,90,6959
2025-10-29 15:28:59.001,90,6955
2025-10-29 15:28:59.001,90,6953
2025-10-29 15:28:59.001,90,6951
2025-10-29 15:29:00.000,88,7944
2025-10-29 15:29:00.000,88,7943
2025-10-29 15:29:00.000,88,7942
2025-10-29 15:29:00.000,88,7938
2025-10-29 15:29:00.000,88,7934
2025-10-29 15:29:00.000,88,6962
2025-10-29 15:29:00.000,88,6961
2025-10-29 15:29:00.000,88,6960
2025-10-29 15:29:00.000,88,6956
2025-10-29 15:29:00.000,88,6953
2025-10-29 15:29:01.001,92,7953
2025-10-29 15:29:01.001,92,7951
2025-10-29 15:29:01.001,92,7949
2025-10-29 15:29:01.001,92,7942
2025-10-29 15:29:01.001,92,7941
2025-10-29 15:29:01.001,92,7940
2025-10-29 15:29:01.001,92,7934
2025-10-29 15:29:01.001,92,7929
2025-10-29 15:29:01.001,92,6960
2025-10-29 15:29:01.001,92,6957
2025-10-29 15:29:02.000,98,7954
2025-10-29 15:29:02.000,98,7953
2025-10-29 15:29:02.000,98,7948
2025-10-29 15:29:02.000,98,7946
2025-10-29 15:29:02.000,98,7945
2025-10-29 15:29:02.000,98,7944
2025-10-29 15:29:02.000,98,7943
2025-10-29 15:29:02.000,98,7942
2025-10-29 15:29:02.000,98,7941
2025-10-29 15:29:02.000,98,7937
2025-10-29 15:29:03.001,93,8936
2025-10-29 15:29:03.001,93,8931
2025-10-29 15:29:03.001,93,8930
2025-10-29 15:29:03.001,93,8928
2025-10-29 15:29:03.001,93,7960
2025-10-29 15:29:03.001,93,7955
2025-10-29 15:29:03.001,93,7954
2025-10-29 15:29:03.001,93,7942
2025-10-29 15:29:03.001,93,7938
2025-10-29 15:29:03.001,93,7936
2025-10-29 15:29:04.000,95,8933
2025-10-29 15:29:04.000,95,7963
2025-10-29 15:29:04.000,95,7959
2025-10-29 15:29:04.000,95,7957
2025-10-29 15:29:04.000,95,7956
2025-10-29 15:29:04.000,95,7954
2025-10-29 15:29:04.000,95,7952
2025-10-29 15:29:04.000,95,7950
2025-10-29 15:29:04.000,95,7946
2025-10-29 15:29:04.000,95,7944
2025-10-29 15:29:05.000,98,8942
2025-10-29 15:29:05.000,98,7960
2025-10-29 15:29:05.000,98,7958
2025-10-29 15:29:05.000,98,7956
2025-10-29 15:29:05.000,98,7954
2025-10-29 15:29:05.000,98,7953
2025-10-29 15:29:05.000,98,7952
2025-10-29 15:29:05.000,98,7949
2025-10-29 15:29:05.000,98,7948
2025-10-29 15:29:05.000,98,7945
2025-10-29 15:29:06.000,94,8943
2025-10-29 15:29:06.000,94,8938
2025-10-29 15:29:06.000,94,8934
2025-10-29 15:29:06.000,94,8932
2025-10-29 15:29:06.000,94,8926
2025-10-29 15:29:06.000,94,8925
2025-10-29 15:29:06.000,94,7963
2025-10-29 15:29:06.000,94,7961
2025-10-29 15:29:06.000,94,7960
2025-10-29 15:29:06.000,94,7957
2025-10-29 15:29:07.001,94,8955
2025-10-29 15:29:07.001,94,8950
2025-10-29 15:29:07.001,94,8944
2025-10-29 15:29:07.001,94,8930
2025-10-29 15:29:07.001,94,8926
2025-10-29 15:29:07.001,94,7963
2025-10-29 15:29:07.001,94,7962
2025-10-29 15:29:07.001,94,7961
2025-10-29 15:29:07.001,94,7955
2025-10-29 15:29:07.001,94,7954
2025-10-29 15:29:08.000,92,8950
2025-10-29 15:29:08.000,92,8948
2025-10-29 15:29:08.000,92,8945
2025-10-29 15:29:08.000,92,8944
2025-10-29 15:29:08.000,92,8941
2025-10-29 15:29:08.000,92,8937
2025-10-29 15:29:08.000,92,8932
2025-10-29 15:29:08.000,92,8929
2025-10-29 15:29:08.000,92,8927
2025-10-29 15:29:08.000,92,8926
2025-10-29 15:29:09.001,88,9921
2025-10-29 15:29:09.001,88,8961
2025-10-29 15:29:09.001,88,8955
2025-10-29 15:29:09.001,88,8952
2025-10-29 15:29:09.001,88,8952
2025-10-29 15:29:09.001,88,8949
2025-10-29 15:29:09.001,88,8945
2025-10-29 15:29:09.001,88,8944
2025-10-29 15:29:09.001,88,8942
2025-10-29 15:29:09.001,88,8939
2025-10-29 15:29:10.000,85,9938
2025-10-29 15:29:10.000,85,9936
2025-10-29 15:29:10.000,85,9931
2025-10-29 15:29:10.000,85,9929
2025-10-29 15:29:10.000,85,9928
2025-10-29 15:29:10.000,85,8914
2025-10-29 15:29:10.000,85,8910
2025-10-29 15:29:10.000,85,8909
2025-10-29 15:29:10.000,85,8900
2025-10-29 15:29:10.000,85,8899
2025-10-29 15:29:11.000,83,9898
2025-10-29 15:29:11.000,83,9897
2025-10-29 15:29:11.000,83,8923
2025-10-29 15:29:11.000,83,8919
2025-10-29 15:29:11.000,83,8918
2025-10-29 15:29:11.000,83,8913
2025-10-29 15:29:11.000,83,8910
2025-10-29 15:29:11.000,83,8906
2025-10-29 15:29:11.000,83,8905
2025-10-29 15:29:11.000,83,8904
2025-10-29 15:29:12.001,88,9902
2025-10-29 15:29:12.001,88,9896
2025-10-29 15:29:12.001,88,9896
2025-10-29 15:29:12.001,88,8926
2025-10-29 15:29:12.001,88,8925
2025-10-29 15:29:12.001,88,8922
2025-10-29 15:29:12.001,88,8919
2025-10-29 15:29:12.001,88,8918
2025-10-29 15:29:12.001,88,8917
2025-10-29 15:29:12.001,88,8912
2025-10-29 15:29:13.000,92,9909
2025-10-29 15:29:13.000,92,9906
2025-10-29 15:29:13.000,92,9904
2025-10-29 15:29:13.000,92,9902
2025-10-29 15:29:13.000,92,9901
2025-10-29 15:29:13.000,92,9900
2025-10-29 15:29:13.000,92,9894
2025-10-29 15:29:13.000,92,8924
2025-10-29 15:29:13.000,92,8907
2025-10-29 15:29:13.000,92,8902
2025-10-29 15:29:14.001,92,9900
2025-10-29 15:29:14.001,92,9895
2025-10-29 15:29:14.001,92,8923
2025-10-29 15:29:14.001,92,8922
2025-10-29 15:29:14.001,92,8919
2025-10-29 15:29:14.001,92,8918
2025-10-29 15:29:14.001,92,8916
2025-10-29 15:29:14.001,92,8908
2025-10-29 15:29:14.001,92,8906
2025-10-29 15:29:14.001,92,8903
2025-10-29 15:29:15.000,89,9894
2025-10-29 15:29:15.000,89,8922
2025-10-29 15:29:15.000,89,8921
2025-10-29 15:29:15.000,89,8919
2025-10-29 15:29:15.000,89,8916
2025-10-29 15:29:15.000,89,8914
2025-10-29 15:29:15.000,89,8896
2025-10-29 15:29:15.000,89,8890
2025-10-29 15:29:15.000,89,8878
2025-10-29 15:29:15.000,89,8877
2025-10-29 15:29:16.001,89,9873
2025-10-29 15:29:16.001,89,8914
2025-10-29 15:29:16.001,89,8911
2025-10-29 15:29:16.001,89,8909
2025-10-29 15:29:16.001,89,8906
2025-10-29 15:29:16.001,89,8898
2025-10-29 15:29:16.001,89,7915
2025-10-29 15:29:16.001,89,7913
2025-10-29 15:29:16.001,89,7908
2025-10-29 15:29:16.001,89,7902
2025-10-29 15:29:17.001,93,8900
2025-10-29 15:29:17.001,93,8896
2025-10-29 15:29:17.001,93,8892
2025-10-29 15:29:17.001,93,7926
2025-10-29 15:29:17.001,93,7925
2025-10-29 15:29:17.001,93,7922
2025-10-29 15:29:17.001,93,7917
2025-10-29 15:29:17.001,93,7911
2025-10-29 15:29:17.001,93,7909
2025-10-29 15:29:17.001,93,7906
2025-10-29 15:29:18.000,94,8900
2025-10-29 15:29:18.000,94,8894
2025-10-29 15:29:18.000,94,7917
2025-10-29 15:29:18.000,94,7912
2025-10-29 15:29:18.000,94,7911
2025-10-29 15:29:18.000,94,7910
2025-10-29 15:29:18.000,94,7909
2025-10-29 15:29:18.000,94,7906
2025-10-29 15:29:18.000,94,7904
2025-10-29 15:29:18.000,94,7903
2025-10-29 15:29:19.000,92,8902
2025-10-29 15:29:19.000,92,8901
2025-10-29 15:29:19.000,92,8900
2025-10-29 15:29:19.000,92,8898
2025-10-29 15:29:19.000,92,8893
2025-10-29 15:29:19.000,92,8893
2025-10-29 15:29:19.000,92,8892
2025-10-29 15:29:19.000,92,7889
2025-10-29 15:29:19.000,92,7886
2025-10-29 15:29:19.000,92,7884
2025-10-29 15:29:20.001,95,8883
2025-10-29 15:29:20.001,95,8881
2025-10-29 15:29:20.001,95,8880
2025-10-29 15:29:20.001,95,8874
2025-10-29 15:29:20.001,95,8872
2025-10-29 15:29:20.001,95,8871
2025-10-29 15:29:20.001,95,8868
2025-10-29 15:29:20.001,95,8866
2025-10-29 15:29:20.001,95,8862
2025-10-29 15:29:20.001,95,8859
2025-10-29 15:29:21.000,92,9857
2025-10-29 15:29:21.000,92,8890
2025-10-29 15:29:21.000,92,8886
2025-10-29 15:29:21.000,92,8880
2025-10-29 15:29:21.000,92,8879
2025-10-29 15:29:21.000,92,8876
2025-10-29 15:29:21.000,92,8873
2025-10-29 15:29:21.000,92,8873
2025-10-29 15:29:21.000,92,8870
2025-10-29 15:29:21.000,92,8866
2025-10-29 15:29:22.000,91,9861
2025-10-29 15:29:22.000,91,8884
2025-10-29 15:29:22.000,91,8879
2025-10-29 15:29:22.000,91,8872
2025-10-29 15:29:22.000,91,8871
2025-10-29 15:29:22.000,91,8867
2025-10-29 15:29:22.000,91,8864
2025-10-29 15:29:22.000,91,8860
2025-10-29 15:29:22.000,91,7889
2025-10-29 15:29:22.000,91,7886
2025-10-29 15:29:23.001,98,8885
2025-10-29 15:29:23.001,98,8884
2025-10-29 15:29:23.001,98,8879
2025-10-29 15:29:23.001,98,8878
2025-10-29 15:29:23.001,98,8873
2025-10-29 15:29:23.001,98,8867
2025-10-29 15:29:23.001,98,8863
2025-10-29 15:29:23.001,98,8857
2025-10-29 15:29:23.001,98,7886
2025-10-29 15:29:23.001,98,7884
2025-10-29 15:29:24.000,106,8880
2025-10-29 15:29:24.000,106,8879
2025-10-29 15:29:24.000,106,8874
2025-10-29 15:29:24.000,106,8872
2025-10-29 15:29:24.000,106,8870
2025-10-29 15:29:24.000,106,8868
2025-10-29 15:29:24.000,106,8866
2025-10-29 15:29:24.000,106,8863
2025-10-29 15:29:24.000,106,8860
2025-10-29 15:29:24.000,106,8859
2025-10-29 15:29:25.001,117,9858
2025-10-29 15:29:25.001,117,8891
2025-10-29 15:29:25.001,117,8889
2025-10-29 15:29:25.001,117,8885
2025-10-29 15:29:25.001,117,8876
2025-10-29 15:29:25.001,117,8871
2025-10-29 15:29:25.001,117,8865
2025-10-29 15:29:25.001,117,8854
2025-10-29 15:29:25.001,117,8851
2025-10-29 15:29:25.001,117,8841
2025-10-29 15:29:26.001,126,9837
2025-10-29 15:29:26.001,126,9835
2025-10-29 15:29:26.001,126,9833
2025-10-29 15:29:26.001,126,8884
2025-10-29 15:29:26.001,126,8875
2025-10-29 15:29:26.001,126,8874
2025-10-29 15:29:26.001,126,8872
2025-10-29 15:29:26.001,126,8869
2025-10-29 15:29:26.001,126,8864
2025-10-29 15:29:26.001,126,8861
2025-10-29 15:29:27.000,139,9859
2025-10-29 15:29:27.000,139,8890
2025-10-29 15:29:27.000,139,8886
2025-10-29 15:29:27.000,139,8882
2025-10-29 15:29:27.000,139,8881
2025-10-29 15:29:27.000,139,8878
2025-10-29 15:29:27.000,139,8878
2025-10-29 15:29:27.000,139,8876
2025-10-29 15:29:27.000,139,8874
2025-10-29 15:29:27.000,139,8872
2025-10-29 15:29:28.000,155,9869
2025-10-29 15:29:28.000,155,9867
2025-10-29 15:29:28.000,155,9866
2025-10-29 15:29:28.000,155,9858
2025-10-29 15:29:28.000,155,8887
2025-10-29 15:29:28.000,155,8882
2025-10-29 15:29:28.000,155,8871
2025-10-29 15:29:28.000,155,8866
2025-10-29 15:29:28.000,155,8864
2025-10-29 15:29:28.000,155,8863
2025-10-29 15:29:29.000,166,9859
2025-10-29 15:29:29.000,166,8890
2025-10-29 15:29:29.000,166,8887
2025-10-29 15:29:29.000,166,8886
2025-10-29 15:29:29.000,166,8883
2025-10-29 15:29:29.001,166,8867
2025-10-29 15:29:29.001,166,8863
2025-10-29 15:29:29.001,166,8858
2025-10-29 15:29:29.001,166,8852
2025-10-29 15:29:29.001,166,7844
2025-10-29 15:29:30.000,168,8841
2025-10-29 15:29:30.001,168,8839
2025-10-29 15:29:30.001,168,8838
2025-10-29 15:29:30.001,168,8834
2025-10-29 15:29:30.001,168,8827
2025-10-29 15:29:30.001,168,8813
2025-10-29 15:29:30.001,168,8811
2025-10-29 15:29:30.001,168,8807
2025-10-29 15:29:30.001,168,8806
2025-10-29 15:29:30.001,168,8795
2025-10-29 15:29:31.000,178,9792
2025-10-29 15:29:31.000,178,9788
2025-10-29 15:29:31.000,178,9781
2025-10-29 15:29:31.000,178,9780
2025-10-29 15:29:31.000,178,9773
2025-10-29 15:29:31.000,178,9769
2025-10-29 15:29:31.000,178,9767
2025-10-29 15:29:31.000,178,8840
2025-10-29 15:29:31.000,178,8837
2025-10-29 15:29:31.000,178,8825
2025-10-29 15:29:32.000,201,9822
2025-10-29 15:29:32.000,201,9818
2025-10-29 15:29:32.000,201,9811
2025-10-29 15:29:32.000,201,9810
2025-10-29 15:29:32.000,201,9809
2025-10-29 15:29:32.000,201,9807
2025-10-29 15:29:32.000,201,9805
2025-10-29 15:29:32.000,201,9793
2025-10-29 15:29:32.000,201,9792
2025-10-29 15:29:32.000,201,9791
2025-10-29 15:29:33.001,234,10790
2025-10-29 15:29:33.001,234,10786
2025-10-29 15:29:33.001,234,10779
2025-10-29 15:29:33.001,234,10778
2025-10-29 15:29:33.001,234,10771
2025-10-29 15:29:33.001,234,9842
2025-10-29 15:29:33.001,234,9837
2025-10-29 15:29:33.001,234,9834
2025-10-29 15:29:33.001,234,9827
2025-10-29 15:29:33.001,234,9821
2025-10-29 15:29:34.000,270,10816
2025-10-29 15:29:34.000,270,10815
2025-10-29 15:29:34.000,270,10811
2025-10-29 15:29:34.000,270,10804
2025-10-29 15:29:34.000,270,10801
2025-10-29 15:29:34.000,270,10797
2025-10-29 15:29:34.000,270,10794
2025-10-29 15:29:34.000,270,10791
2025-10-29 15:29:34.000,270,10787
2025-10-29 15:29:34.000,270,10783
2025-10-29 15:29:35.001,292,11778
2025-10-29 15:29:35.001,292,11773
2025-10-29 15:29:35.001,292,11771
2025-10-29 15:29:35.001,292,11767
2025-10-29 15:29:35.001,292,11763
2025-10-29 15:29:35.001,292,10844
2025-10-29 15:29:35.001,292,10842
2025-10-29 15:29:35.001,292,10841
2025-10-29 15:29:35.001,292,10835
2025-10-29 15:29:35.001,292,10826
2025-10-29 15:29:36.000,314,11820
2025-10-29 15:29:36.000,314,11817
2025-10-29 15:29:36.000,314,11816
2025-10-29 15:29:36.000,314,11795
2025-10-29 15:29:36.000,314,11794
2025-10-29 15:29:36.000,314,11793
2025-10-29 15:29:36.000,314,11792
2025-10-29 15:29:36.000,314,11791
2025-10-29 15:29:36.000,314,11789
2025-10-29 15:29:36.000,314,11787
2025-10-29 15:29:37.000,332,12781
2025-10-29 15:29:37.000,332,12779
2025-10-29 15:29:37.000,332,12777
2025-10-29 15:29:37.000,332,12775
2025-10-29 15:29:37.000,332,12770
2025-10-29 15:29:37.000,332,11842
2025-10-29 15:29:37.000,332,11837
2025-10-29 15:29:37.000,332,11834
2025-10-29 15:29:37.000,332,11823
2025-10-29 15:29:37.000,332,11819
2025-10-29 15:29:38.000,348,12818
2025-10-29 15:29:38.000,348,12815
2025-10-29 15:29:38.000,348,12812
2025-10-29 15:29:38.000,348,12810
2025-10-29 15:29:38.000,348,12808
2025-10-29 15:29:38.000,348,12800
2025-10-29 15:29:38.000,348,12799
2025-10-29 15:29:38.000,348,12791
2025-10-29 15:29:38.000,348,12787
2025-10-29 15:29:38.000,348,12783
2025-10-29 15:29:39.001,372,13783
2025-10-29 15:29:39.001,372,13780
2025-10-29 15:29:39.001,372,13776
2025-10-29 15:29:39.001,372,13773
2025-10-29 15:29:39.001,372,13772
2025-10-29 15:29:39.001,372,13771
2025-10-29 15:29:39.001,372,13767
2025-10-29 15:29:39.001,372,12841
2025-10-29 15:29:39.001,372,12839
2025-10-29 15:29:39.001,372,12837
2025-10-29 15:29:40.000,382,13834
2025-10-29 15:29:40.000,382,13833
2025-10-29 15:29:40.000,382,13831
2025-10-29 15:29:40.000,382,13824
2025-10-29 15:29:40.000,382,13822
2025-10-29 15:29:40.000,382,13816
2025-10-29 15:29:40.000,382,13811
2025-10-29 15:29:40.000,382,13799
2025-10-29 15:29:40.000,382,13792
2025-10-29 15:29:40.000,382,13788
2025-10-29 15:29:41.001,394,14788
2025-10-29 15:29:41.001,394,14786
2025-10-29 15:29:41.001,394,14784
2025-10-29 15:29:41.001,394,14780
2025-10-29 15:29:41.001,394,14776
2025-10-29 15:29:41.001,394,14773
2025-10-29 15:29:41.001,394,14772
2025-10-29 15:29:41.001,394,14771
2025-10-29 15:29:41.001,394,14769
2025-10-29 15:29:41.001,394,14767
2025-10-29 15:29:42.000,395,15760
2025-10-29 15:29:42.000,395,15758
2025-10-29 15:29:42.000,395,15754
2025-10-29 15:29:42.000,395,15753
2025-10-29 15:29:42.000,395,14840
2025-10-29 15:29:42.000,395,14836
2025-10-29 15:29:42.000,395,14834
2025-10-29 15:29:42.000,395,14829
2025-10-29 15:29:42.000,395,14827
2025-10-29 15:29:42.000,395,14824
2025-10-29 15:29:43.001,393,15823
2025-10-29 15:29:43.001,393,15814
2025-10-29 15:29:43.001,393,15812
2025-10-29 15:29:43.001,393,15809
2025-10-29 15:29:43.001,393,15809
2025-10-29 15:29:43.001,393,15807
2025-10-29 15:29:43.001,393,15802
2025-10-29 15:29:43.001,393,15799
2025-10-29 15:29:43.001,393,15798
2025-10-29 15:29:43.001,393,15795
2025-10-29 15:29:44.000,394,16790
2025-10-29 15:29:44.000,394,16787
2025-10-29 15:29:44.000,394,16776
2025-10-29 15:29:44.000,394,16770
2025-10-29 15:29:44.000,394,16766
2025-10-29 15:29:44.000,394,15843
2025-10-29 15:29:44.000,394,15840
2025-10-29 15:29:44.000,394,15824
2025-10-29 15:29:44.000,394,15821
2025-10-29 15:29:44.000,394,15810
2025-10-29 15:29:45.000,387,16801
2025-10-29 15:29:45.000,387,16799
2025-10-29 15:29:45.000,387,16797
2025-10-29 15:29:45.000,387,16792
2025-10-29 15:29:45.000,387,16789
2025-10-29 15:29:45.000,387,16787
2025-10-29 15:29:45.000,387,16773
2025-10-29 15:29:45.000,387,15842
2025-10-29 15:29:45.001,387,15826
2025-10-29 15:29:45.001,387,15819
2025-10-29 15:29:46.000,386,16816
2025-10-29 15:29:46.000,386,16808
2025-10-29 15:29:46.000,386,16806
2025-10-29 15:29:46.000,386,16805
2025-10-29 15:29:46.000,386,16803
2025-10-29 15:29:46.000,386,16800
2025-10-29 15:29:46.000,386,16800
2025-10-29 15:29:46.000,386,16795
2025-10-29 15:29:46.000,386,16793
2025-10-29 15:29:46.001,386,16784
2025-10-29 15:29:47.000,380,17777
2025-10-29 15:29:47.000,380,17769
2025-10-29 15:29:47.000,380,17744
2025-10-29 15:29:47.000,380,17737
2025-10-29 15:29:47.000,380,16843
2025-10-29 15:29:47.000,380,16839
2025-10-29 15:29:47.000,380,16839
2025-10-29 15:29:47.000,380,16837
2025-10-29 15:29:47.000,380,16828
2025-10-29 15:29:47.000,380,16825
2025-10-29 15:29:48.001,374,17804
2025-10-29 15:29:48.001,374,17802
2025-10-29 15:29:48.001,374,17795
2025-10-29 15:29:48.001,374,17789
2025-10-29 15:29:48.001,374,17778
2025-10-29 15:29:48.001,374,17775
2025-10-29 15:29:48.001,374,17768
2025-10-29 15:29:48.001,374,17764
2025-10-29 15:29:48.001,374,17760
2025-10-29 15:29:48.001,374,17757
2025-10-29 15:29:49.000,370,18753
2025-10-29 15:29:49.000,370,18749
2025-10-29 15:29:49.000,370,18745
2025-10-29 15:29:49.000,370,17740
2025-10-29 15:29:49.000,370,17739
2025-10-29 15:29:49.000,370,17721
2025-10-29 15:29:49.000,370,17720
2025-10-29 15:29:49.000,370,17718
2025-10-29 15:29:49.000,370,17717
2025-10-29 15:29:49.000,370,17715
2025-10-29 15:29:50.001,372,18713
2025-10-29 15:29:50.001,372,18693
2025-10-29 15:29:50.001,372,18686
2025-10-29 15:29:50.001,372,18685
2025-10-29 15:29:50.001,372,18681
2025-10-29 15:29:50.001,372,18674
2025-10-29 15:29:50.001,372,18669
2025-10-29 15:29:50.001,372,18660
2025-10-29 15:29:50.001,372,18653
2025-10-29 15:29:50.001,372,18653
2025-10-29 15:29:51.001,370,19650
2025-10-29 15:29:51.001,370,19638
2025-10-29 15:29:51.001,370,19635
2025-10-29 15:29:51.001,370,19635
2025-10-29 15:29:51.001,370,19623
2025-10-29 15:29:51.001,370,19619
2025-10-29 15:29:51.001,370,19607
2025-10-29 15:29:51.001,370,19601
2025-10-29 15:29:51.001,370,19599
2025-10-29 15:29:51.001,370,19597
2025-10-29 15:29:52.000,362,20590
2025-10-29 15:29:52.000,362,19742
2025-10-29 15:29:52.000,362,19739
2025-10-29 15:29:52.000,362,19738
2025-10-29 15:29:52.000,362,19736
2025-10-29 15:29:52.000,362,19734
2025-10-29 15:29:52.000,362,19733
2025-10-29 15:29:52.000,362,19732
2025-10-29 15:29:52.000,362,19717
2025-10-29 15:29:52.000,362,19715
2025-10-29 15:29:53.000,357,20714
2025-10-29 15:29:53.000,357,20711
2025-10-29 15:29:53.000,357,20709
2025-10-29 15:29:53.000,357,20705
2025-10-29 15:29:53.000,357,20704
2025-10-29 15:29:53.000,357,20702
2025-10-29 15:29:53.000,357,20700
2025-10-29 15:29:53.000,357,20698
2025-10-29 15:29:53.000,357,20697
2025-10-29 15:29:53.000,357,20694
2025-10-29 15:29:54.000,348,21683
2025-10-29 15:29:54.000,348,21680
2025-10-29 15:29:54.000,348,21678
2025-10-29 15:29:54.000,348,21670
2025-10-29 15:29:54.000,348,21668
2025-10-29 15:29:54.000,348,21664
2025-10-29 15:29:54.000,348,21656
2025-10-29 15:29:54.000,348,21655
2025-10-29 15:29:54.000,348,21653
2025-10-29 15:29:54.000,348,21648
2025-10-29 15:29:55.001,341,22634
2025-10-29 15:29:55.001,341,22628
2025-10-29 15:29:55.001,341,22625
2025-10-29 15:29:55.001,341,22621
2025-10-29 15:29:55.001,341,22617
2025-10-29 15:29:55.001,341,22616
2025-10-29 15:29:55.001,341,22606
2025-10-29 15:29:55.001,341,22605
2025-10-29 15:29:55.001,341,22600
2025-10-29 15:29:55.001,341,22599
2025-10-29 15:29:56.000,331,23596
2025-10-29 15:29:56.000,331,23593
2025-10-29 15:29:56.000,331,23592
2025-10-29 15:29:56.000,331,23588
2025-10-29 15:29:56.000,331,22737
2025-10-29 15:29:56.000,331,22727
2025-10-29 15:29:56.000,331,22722
2025-10-29 15:29:56.000,331,22719
2025-10-29 15:29:56.000,331,22716
2025-10-29 15:29:56.000,331,22715
2025-10-29 15:29:57.000,323,23714
2025-10-29 15:29:57.000,323,23708
2025-10-29 15:29:57.000,323,23707
2025-10-29 15:29:57.000,323,23705
2025-10-29 15:29:57.000,323,23704
2025-10-29 15:29:57.000,323,23701
2025-10-29 15:29:57.000,323,23700
2025-10-29 15:29:57.000,323,23693
2025-10-29 15:29:57.000,323,23666
2025-10-29 15:29:57.000,323,23665
2025-10-29 15:29:58.001,315,24665
2025-10-29 15:29:58.001,315,24661
2025-10-29 15:29:58.001,315,24660
2025-10-29 15:29:58.001,315,24658
2025-10-29 15:29:58.001,315,24653
2025-10-29 15:29:58.001,315,24651
2025-10-29 15:29:58.001,315,24649
2025-10-29 15:29:58.001,315,24638
2025-10-29 15:29:58.001,315,24637
2025-10-29 15:29:58.001,315,24630
2025-10-29 15:29:59.000,306,25628
2025-10-29 15:29:59.000,306,25627
2025-10-29 15:29:59.000,306,25624
2025-10-29 15:29:59.000,306,25618
2025-10-29 15:29:59.000,306,25617
2025-10-29 15:29:59.000,306,25617
2025-10-29 15:29:59.000,306,25615
2025-10-29 15:29:59.000,306,25606
2025-10-29 15:29:59.000,306,25604
2025-10-29 15:29:59.000,306,25603
2025-10-29 15:30:00.001,298,26601
2025-10-29 15:30:00.001,298,26597
2025-10-29 15:30:00.001,298,26594
2025-10-29 15:30:00.001,298,26593
2025-10-29 15:30:00.001,298,26592
2025-10-29 15:30:00.001,298,26591
2025-10-29 15:30:00.001,298,26587
2025-10-29 15:30:00.001,298,26581
2025-10-29 15:30:00.001,298,26578
2025-10-29 15:30:00.001,298,26571
2025-10-29 15:30:01.000,290,26736
2025-10-29 15:30:01.000,290,26731
2025-10-29 15:30:01.000,290,26726
2025-10-29 15:30:01.000,290,26716
2025-10-29 15:30:01.000,290,26706
2025-10-29 15:30:01.000,290,26700
2025-10-29 15:30:01.000,290,26697
2025-10-29 15:30:01.000,290,26689
2025-10-29 15:30:01.000,290,26673
2025-10-29 15:30:01.000,290,26671
2025-10-29 15:30:02.001,280,27666
2025-10-29 15:30:02.001,280,27665
2025-10-29 15:30:02.001,280,27664
2025-10-29 15:30:02.001,280,27662
2025-10-29 15:30:02.001,280,27635
2025-10-29 15:30:02.001,280,27633
2025-10-29 15:30:02.001,280,27630
2025-10-29 15:30:02.001,280,27622
2025-10-29 15:30:02.001,280,27620
2025-10-29 15:30:02.001,280,27612
2025-10-29 15:30:03.001,271,28609
2025-10-29 15:30:03.001,271,28598
2025-10-29 15:30:03.001,271,27742
2025-10-29 15:30:03.001,271,27741
2025-10-29 15:30:03.001,271,27740
2025-10-29 15:30:03.001,271,27731
2025-10-29 15:30:03.001,271,27722
2025-10-29 15:30:03.001,271,27717
2025-10-29 15:30:03.001,271,27710
2025-10-29 15:30:03.001,271,27709
2025-10-29 15:30:04.001,271,28708
2025-10-29 15:30:04.001,271,28698
2025-10-29 15:30:04.001,271,28693
2025-10-29 15:30:04.001,271,28692
2025-10-29 15:30:04.001,271,28690
2025-10-29 15:30:04.001,271,28686
2025-10-29 15:30:04.001,271,28685
2025-10-29 15:30:04.001,271,28676
2025-10-29 15:30:04.001,271,28674
2025-10-29 15:30:04.001,271,28665
2025-10-29 15:30:05.000,265,29662
2025-10-29 15:30:05.000,265,29660
2025-10-29 15:30:05.000,265,29659
2025-10-29 15:30:05.000,265,29649
2025-10-29 15:30:05.000,265,29648
2025-10-29 15:30:05.000,265,29641
2025-10-29 15:30:05.000,265,29625
2025-10-29 15:30:05.000,265,29624
2025-10-29 15:30:05.000,265,29618
2025-10-29 15:30:05.000,265,29612
2025-10-29 15:30:06.001,246,30610
2025-10-29 15:30:06.001,246,30607
2025-10-29 15:30:06.001,246,30604
2025-10-29 15:30:06.001,246,30598
2025-10-29 15:30:06.001,246,29743
2025-10-29 15:30:06.001,246,29738
2025-10-29 15:30:06.001,246,29735
2025-10-29 15:30:06.001,246,29719
2025-10-29 15:30:06.001,246,29717
2025-10-29 15:30:06.001,246,29716
2025-10-29 15:30:07.000,240,30707
2025-10-29 15:30:07.000,240,30696
2025-10-29 15:30:07.000,240,30695
2025-10-29 15:30:07.000,240,30689
2025-10-29 15:30:07.000,240,30681
2025-10-29 15:30:07.000,240,30680
2025-10-29 15:30:07.000,240,30667
2025-10-29 15:30:07.000,240,30661
2025-10-29 15:30:07.000,240,30655
2025-10-29 15:30:07.000,240,30651
2025-10-29 15:30:08.000,233,31643
2025-10-29 15:30:08.000,233,31642
2025-10-29 15:30:08.000,233,31634
2025-10-29 15:30:08.000,233,31624
2025-10-29 15:30:08.000,233,31623
2025-10-29 15:30:08.000,233,31609
2025-10-29 15:30:08.000,233,31605
2025-10-29 15:30:08.000,233,31603
2025-10-29 15:30:08.000,233,31601
2025-10-29 15:30:08.000,233,31601
2025-10-29 15:30:09.000,223,32599
2025-10-29 15:30:09.000,223,32593
2025-10-29 15:30:09.000,223,31736
2025-10-29 15:30:09.000,223,31730
2025-10-29 15:30:09.000,223,31718
2025-10-29 15:30:09.000,223,31707
2025-10-29 15:30:09.000,223,31703
2025-10-29 15:30:09.000,223,31700
2025-10-29 15:30:09.000,223,31690
2025-10-29 15:30:09.000,223,31681
2025-10-29 15:30:10.000,215,32680
2025-10-29 15:30:10.000,215,32678
2025-10-29 15:30:10.000,215,32674
2025-10-29 15:30:10.000,215,32669
2025-10-29 15:30:10.000,215,32667
2025-10-29 15:30:10.000,215,32657
2025-10-29 15:30:10.000,215,32655
2025-10-29 15:30:10.000,215,32652
2025-10-29 15:30:10.000,215,32649
2025-10-29 15:30:10.000,215,32644
2025-10-29 15:30:11.001,208,33641
2025-10-29 15:30:11.001,208,33640
2025-10-29 15:30:11.001,208,33636
2025-10-29 15:30:11.001,208,33630
2025-10-29 15:30:11.001,208,33608
2025-10-29 15:30:11.001,208,33602
2025-10-29 15:30:11.001,208,33601
2025-10-29 15:30:11.001,208,33594
2025-10-29 15:30:11.001,208,32742
2025-10-29 15:30:11.001,208,32741
2025-10-29 15:30:12.000,200,33739
2025-10-29 15:30:12.000,200,33727
2025-10-29 15:30:12.000,200,33711
2025-10-29 15:30:12.000,200,33710
2025-10-29 15:30:12.000,200,33708
2025-10-29 15:30:12.000,200,33704
2025-10-29 15:30:12.000,200,33703
2025-10-29 15:30:12.000,200,33702
2025-10-29 15:30:12.000,200,33692
2025-10-29 15:30:12.000,200,33690
2025-10-29 15:30:13.001,192,34689
2025-10-29 15:30:13.001,192,34683
2025-10-29 15:30:13.001,192,34677
2025-10-29 15:30:13.001,192,34667
2025-10-29 15:30:13.001,192,34664
2025-10-29 15:30:13.001,192,34662
2025-10-29 15:30:13.001,192,34655
2025-10-29 15:30:13.001,192,34653
2025-10-29 15:30:13.001,192,34643
2025-10-29 15:30:13.001,192,34638
2025-10-29 15:30:14.000,182,35637
2025-10-29 15:30:14.000,182,35630
2025-10-29 15:30:14.000,182,35629
2025-10-29 15:30:14.000,182,35627
2025-10-29 15:30:14.000,182,35619
2025-10-29 15:30:14.000,182,35616
2025-10-29 15:30:14.000,182,35607
2025-10-29 15:30:14.000,182,35606
2025-10-29 15:30:14.000,182,35601
2025-10-29 15:30:14.000,182,35595
2025-10-29 15:30:15.001,173,36594
2025-10-29 15:30:15.001,173,36587
2025-10-29 15:30:15.001,173,35731
2025-10-29 15:30:15.001,173,35712
2025-10-29 15:30:15.001,173,35690
2025-10-29 15:30:15.001,173,35689
2025-10-29 15:30:15.001,173,35685
2025-10-29 15:30:15.001,173,35684
2025-10-29 15:30:15.001,173,35681
2025-10-29 15:30:15.001,173,35660
2025-10-29 15:30:16.000,165,36652
2025-10-29 15:30:16.000,165,36649
2025-10-29 15:30:16.000,165,36646
2025-10-29 15:30:16.000,165,36634
2025-10-29 15:30:16.000,165,36632
2025-10-29 15:30:16.000,165,36630
2025-10-29 15:30:16.000,165,36623
2025-10-29 15:30:16.000,165,36615
2025-10-29 15:30:16.000,165,36608
2025-10-29 15:30:16.000,165,36585
2025-10-29 15:30:17.001,157,37585
2025-10-29 15:30:17.001,157,37576
2025-10-29 15:30:17.001,157,36738
2025-10-29 15:30:17.001,157,36731
2025-10-29 15:30:17.001,157,36724
2025-10-29 15:30:17.001,157,36722
2025-10-29 15:30:17.001,157,36710
2025-10-29 15:30:17.001,157,36706
2025-10-29 15:30:17.001,157,36704
2025-10-29 15:30:17.001,157,36703
2025-10-29 15:30:18.000,148,37691
2025-10-29 15:30:18.000,148,37686
2025-10-29 15:30:18.000,148,37676
2025-10-29 15:30:18.000,148,37675
2025-10-29 15:30:18.000,148,37671
2025-10-29 15:30:18.000,148,37669
2025-10-29 15:30:18.000,148,37649
2025-10-29 15:30:18.000,148,37641
2025-10-29 15:30:18.000,148,37637
2025-10-29 15:30:18.000,148,37633
2025-10-29 15:30:19.000,138,38626
2025-10-29 15:30:19.000,138,38625
2025-10-29 15:30:19.000,138,38623
2025-10-29 15:30:19.000,138,38622
2025-10-29 15:30:19.000,138,37580
2025-10-29 15:30:19.000,138,37576
2025-10-29 15:30:19.000,138,37571
2025-10-29 15:30:19.000,138,37568
2025-10-29 15:30:19.000,138,37565
2025-10-29 15:30:19.000,138,37553
2025-10-29 15:30:20.001,130,38552
2025-10-29 15:30:20.001,130,38544
2025-10-29 15:30:20.001,130,38530
2025-10-29 15:30:20.001,130,38528
2025-10-29 15:30:20.001,130,38521
2025-10-29 15:30:20.001,130,37526
2025-10-29 15:30:20.001,130,37522
2025-10-29 15:30:20.001,130,37519
2025-10-29 15:30:20.001,130,37515
2025-10-29 15:30:20.001,130,37512
2025-10-29 15:30:21.000,123,38509
2025-10-29 15:30:21.000,123,38501
2025-10-29 15:30:21.000,123,38490
2025-10-29 15:30:21.000,123,37579
2025-10-29 15:30:21.000,123,37564
2025-10-29 15:30:21.000,123,37549
2025-10-29 15:30:21.000,123,37543
2025-10-29 15:30:21.000,123,37526
2025-10-29 15:30:21.000,123,37525
2025-10-29 15:30:21.000,123,37503
2025-10-29 15:30:22.000,114,38502
2025-10-29 15:30:22.000,114,38500
2025-10-29 15:30:22.000,114,38499
2025-10-29 15:30:22.000,114,38491
2025-10-29 15:30:22.000,114,37566
2025-10-29 15:30:22.000,114,37541
2025-10-29 15:30:22.000,114,37525
2025-10-29 15:30:22.000,114,36584
2025-10-29 15:30:22.000,114,36552
2025-10-29 15:30:22.000,114,36549
2025-10-29 15:30:23.001,114,37536
2025-10-29 15:30:23.001,114,37531
2025-10-29 15:30:23.001,114,37527
2025-10-29 15:30:23.001,114,37526
2025-10-29 15:30:23.001,114,37518
2025-10-29 15:30:23.001,114,37518
2025-10-29 15:30:23.001,114,36557
2025-10-29 15:30:23.001,114,36543
2025-10-29 15:30:23.001,114,36529
2025-10-29 15:30:23.001,114,36519
2025-10-29 15:30:24.000,84,36531
2025-10-29 15:30:24.000,84,36526
2025-10-29 15:30:24.000,84,36517
2025-10-29 15:30:24.000,84,36511
2025-10-29 15:30:24.000,84,35576
2025-10-29 15:30:24.000,84,35573
2025-10-29 15:30:24.000,84,35558
2025-10-29 15:30:24.000,84,35533
2025-10-29 15:30:24.000,84,35520
2025-10-29 15:30:24.000,84,35517
2025-10-29 15:30:25.000,84,35578
2025-10-29 15:30:25.000,84,35573
2025-10-29 15:30:25.000,84,35557
2025-10-29 15:30:25.000,84,35550
2025-10-29 15:30:25.000,84,35540
2025-10-29 15:30:25.000,84,35538
2025-10-29 15:30:25.000,84,35528
2025-10-29 15:30:25.000,84,35523
2025-10-29 15:30:25.000,84,35519
2025-10-29 15:30:25.000,84,35517
2025-10-29 15:30:26.001,65,36517
2025-10-29 15:30:26.001,65,36516
2025-10-29 15:30:26.001,65,35572
2025-10-29 15:30:26.001,65,35571
2025-10-29 15:30:26.001,65,35552
2025-10-29 15:30:26.001,65,35545
2025-10-29 15:30:26.001,65,35541
2025-10-29 15:30:26.001,65,35533
2025-10-29 15:30:26.001,65,35527
2025-10-29 15:30:26.001,65,35506
2025-10-29 15:30:27.000,65,35493
2025-10-29 15:30:27.000,65,35477
2025-10-29 15:30:27.000,65,34491
2025-10-29 15:30:27.000,65,34486
2025-10-29 15:30:27.000,65,34474
2025-10-29 15:30:27.000,65,34468
2025-10-29 15:30:27.000,65,34460
2025-10-29 15:30:27.000,65,33484
2025-10-29 15:30:27.000,65,32499
2025-10-29 15:30:27.000,65,32480
2025-10-29 15:30:28.000,55,33478
2025-10-29 15:30:28.000,55,31497
2025-10-29 15:30:28.000,55,31488
2025-10-29 15:30:28.000,55,30496
2025-10-29 15:30:28.000,55,30495
2025-10-29 15:30:28.000,55,29475
2025-10-29 15:30:28.000,55,28488
2025-10-29 15:30:28.000,55,28471
2025-10-29 15:30:28.000,55,27500
2025-10-29 15:30:28.000,55,27471
2025-10-29 15:30:29.001,45,26443
2025-10-29 15:30:29.001,45,25453
2025-10-29 15:30:29.001,45,25441
2025-10-29 15:30:29.001,45,25439
2025-10-29 15:30:29.001,45,25433
2025-10-29 15:30:29.001,45,24453
2025-10-29 15:30:29.001,45,23453
2025-10-29 15:30:29.001,45,23451
2025-10-29 15:30:29.001,45,23444
2025-10-29 15:30:29.001,45,23443
2025-10-29 15:30:30.000,45,23467
2025-10-29 15:30:30.000,45,23457
2025-10-29 15:30:30.000,45,23448
2025-10-29 15:30:30.000,45,21425
2025-10-29 15:30:30.000,45,21422
2025-10-29 15:30:30.000,45,20448
2025-10-29 15:30:30.000,45,20441
2025-10-29 15:30:30.000,45,20439
2025-10-29 15:30:30.000,45,19440
2025-10-29 15:30:30.000,45,19438
2025-10-29 15:30:31.000,18,19391
2025-10-29 15:30:31.000,18,18416
2025-10-29 15:30:31.000,18,17402
2025-10-29 15:30:31.000,18,16409
2025-10-29 15:30:31.000,18,16403
2025-10-29 15:30:31.000,18,15416
2025-10-29 15:30:31.000,18,15411
2025-10-29 15:30:31.000,18,14404
2025-10-29 15:30:31.000,18,12402
2025-10-29 15:30:31.000,18,12400
2025-10-29 15:30:32.001,19,12405
2025-10-29 15:30:32.001,19,11422
2025-10-29 15:30:32.001,19,11401
2025-10-29 15:30:32.001,19,10385
2025-10-29 15:30:32.001,19,8355
2025-10-29 15:30:32.001,19,3389
2025-10-29 15:30:32.001,19,3369
2025-10-29 15:30:32.001,19,3362
2025-10-29 15:30:32.001,19,352
2025-10-29 15:30:33.659,9,1
2025-10-29 15:30:34.643,1,1
2025-10-29 15:30:34.646,2,1
2025-10-29 15:30:35.654,2,1
2025-10-29 15:30:35.657,2,1
2025-10-29 15:30:35.660,2,1
2025-10-29 15:30:36.667,2,2
2025-10-29 15:30:42.698,0,1
2025-10-29 15:30:45.680,0,2
2025-10-29 15:30:47.701,0,2
2025-10-29 15:30:48.699,1,1
2025-10-29 15:30:50.692,0,2
2025-10-29 15:30:52.726,0,1
2025-10-29 15:30:53.715,0,1
2025-10-29 15:30:55.715,2,1
2025-10-29 15:30:55.729,1,1
2025-10-29 15:30:56.724,2,1
2025-10-29 15:30:57.738,0,1
2025-10-29 15:30:59.716,0,1
2025-10-29 15:31:00.713,0,0
2025-10-29 15:31:01.740,0,1
2025-10-29 15:31:01.741,0,1
2025-10-29 15:31:01.752,0,1
2025-10-29 15:31:02.745,3,1
2025-10-29 15:31:03.745,3,0
2025-10-29 15:31:03.750,3,1
2025-10-29 15:31:03.763,3,2
2025-10-29 15:31:04.753,3,0
2025-10-29 15:31:04.759,3,0
2025-10-29 15:31:05.745,1,1
2025-10-29 15:31:06.741,1,1
2025-10-29 15:31:07.760,0,0
2025-10-29 15:31:07.765,0,0
2025-10-29 15:31:08.747,0,0
2025-10-29 15:31:08.757,0,1
2025-10-29 15:31:08.760,4,0
2025-10-29 15:31:09.772,4,0
2025-10-29 15:31:10.741,3,1
2025-10-29 15:31:10.766,3,0
2025-10-29 15:31:11.800,1,1
2025-10-29 15:31:11.815,1,2
2025-10-29 15:31:12.784,2,2
2025-10-29 15:31:12.819,2,3
2025-10-29 15:31:13.796,2,1
2025-10-29 15:31:14.783,2,1
2025-10-29 15:31:16.786,0,1
2025-10-29 15:31:18.783,1,1
2025-10-29 15:31:19.809,1,2
2025-10-29 15:31:20.798,1,1
2025-10-29 15:31:20.806,1,2
2025-10-29 15:31:21.823,2,4
2025-10-29 15:31:21.828,2,2
2025-10-29 15:31:21.830,2,1
2025-10-29 15:31:23.825,3,1
2025-10-29 15:31:23.839,1,1
2025-10-29 15:31:23.848,1,1
2025-10-29 15:31:24.844,3,2
2025-10-29 15:31:24.861,3,1
2025-10-29 15:31:24.909,3,2
2025-10-29 15:31:25.846,3,2
2025-10-29 15:31:25.871,3,1
2025-10-29 15:31:27.820,2,1
2025-10-29 15:31:27.830,1,1
2025-10-29 15:31:27.842,1,1
2025-10-29 15:31:27.863,1,2
2025-10-29 15:31:27.877,1,1
2025-10-29 15:31:29.819,0,1
2025-10-29 15:31:29.850,0,0
2025-10-29 15:31:29.857,0,1
2025-10-29 15:31:29.861,0,1
2025-10-29 15:31:31.880,0,1
2025-10-29 15:31:31.903,0,1
2025-10-29 15:31:32.876,2,1
2025-10-29 15:31:32.913,2,1
2025-10-29 15:31:33.873,2,1
2025-10-29 15:31:33.885,2,0
2025-10-29 15:31:33.890,2,1
2025-10-29 15:31:33.900,3,1
2025-10-29 15:31:34.876,3,1
2025-10-29 15:31:34.914,3,1
2025-10-29 15:31:35.916,2,2
2025-10-29 15:31:35.957,1,1
2025-10-29 15:31:36.969,1,9
2025-10-29 15:31:37.014,2,1
2025-10-29 15:31:38.883,1,0
2025-10-29 15:31:38.894,1,0
2025-10-29 15:31:39.898,2,1
2025-10-29 15:31:39.908,1,1
