timestamp,lag,wait_ms
2025-09-16 16:13:01.660,0,427758805
2025-09-16 16:13:01.667,0,427753802
2025-09-16 16:13:01.681,0,427622971
2025-09-16 16:13:01.685,0,427617964
2025-09-16 16:13:01.692,0,427612962
2025-09-16 16:13:01.718,0,427607978
2025-09-16 16:13:01.723,0,427602973
2025-09-16 16:13:01.728,0,427597968
2025-09-16 16:13:01.733,0,427592964
2025-09-16 16:13:01.737,0,427587959
2025-09-16 16:13:01.744,0,427582955
2025-09-16 16:13:01.755,0,427577957
2025-09-16 16:13:01.759,0,427572950
2025-09-16 16:13:01.764,0,427567944
2025-09-16 16:13:01.769,0,427562939
2025-09-16 16:13:01.774,0,427557934
2025-09-16 16:13:01.779,0,427552928
2025-09-16 16:13:01.784,0,427547922
2025-09-16 16:13:01.788,0,427542916
2025-09-16 16:13:01.794,0,427537910
2025-09-16 16:13:01.799,0,427532905
2025-09-16 16:13:01.804,0,427528100
2025-09-16 16:13:01.808,0,427523094
2025-09-16 16:13:01.813,0,427518090
2025-09-16 16:13:01.817,0,427513083
2025-09-16 16:13:01.821,0,427508078
2025-09-16 16:13:01.826,0,427503072
2025-09-16 16:13:01.830,0,427498066
2025-09-16 16:13:01.835,0,427493062
2025-09-16 16:13:01.839,0,427488056
2025-09-16 16:13:01.842,0,427483049
2025-09-16 16:13:01.846,0,427478043
2025-09-16 16:13:01.850,0,427473036
2025-09-16 16:13:01.854,0,427468030
2025-09-16 16:13:01.858,0,427463024
2025-09-16 16:13:01.861,0,427458016
2025-09-16 16:13:01.864,0,427453008
2025-09-16 16:13:01.868,0,427448002
2025-09-16 16:13:01.870,0,427446200
2025-09-16 16:13:01.873,0,146447
2025-09-16 16:13:01.876,0,141447
2025-09-16 16:13:01.879,0,136440
2025-09-16 16:13:01.884,0,131434
2025-09-16 16:13:01.887,0,126426
2025-09-16 16:13:01.890,0,121419
2025-09-16 16:13:01.893,0,116412
2025-09-16 16:13:01.899,0,111407
2025-09-16 16:13:01.903,0,106400
2025-09-16 16:13:01.905,0,101391
2025-09-16 16:13:01.907,0,96381
2025-09-16 16:13:01.909,0,91374
2025-09-16 16:13:01.912,0,86366
2025-09-16 16:13:01.916,0,81359
2025-09-16 16:13:01.919,0,76553
2025-09-16 16:13:01.922,0,71545
2025-09-16 16:13:01.925,0,66537
2025-09-16 16:13:01.928,0,61530
2025-09-16 16:13:01.931,0,56522
2025-09-16 16:13:01.934,0,51514
2025-09-16 16:13:01.936,0,46505
2025-09-16 16:13:01.939,0,41499
2025-09-16 16:13:01.941,0,36490
2025-09-16 16:13:01.945,0,31484
2025-09-16 16:13:01.949,0,26476
2025-09-16 16:13:01.952,0,21467
2025-09-16 16:13:01.955,0,16460
2025-09-16 16:13:01.958,0,11451
2025-09-16 16:13:01.962,0,6443
2025-09-16 16:13:01.965,0,1634
2025-09-16 16:13:05.550,0,8
2025-09-16 16:13:10.559,0,4
2025-09-16 16:13:15.371,0,5
2025-09-16 16:13:20.382,0,6
2025-09-16 16:13:25.392,0,4
timestamp,lag,wait_ms
2025-09-16 16:35:44.351,0,1333952
timestamp,lag,wait_ms
2025-09-16 16:44:20.789,0,1840368
timestamp,lag,wait_ms
2025-09-16 16:50:20.376,0,2194945
timestamp,lag,wait_ms
2025-09-16 16:52:43.902,54,2328450
2025-09-16 16:52:43.904,53,2323442
2025-09-16 16:52:43.906,52,2318433
2025-09-16 16:52:44.855,51,2317578
2025-09-16 16:52:45.855,50,250840
2025-09-16 16:52:46.855,49,246628
2025-09-16 16:52:47.855,48,242616
2025-09-16 16:52:48.857,47,238606
2025-09-16 16:52:49.856,46,234796
2025-09-16 16:52:50.855,45,230785
2025-09-16 16:52:51.855,44,226774
2025-09-16 16:52:52.855,43,222763
2025-09-16 16:52:53.855,42,218751
2025-09-16 16:52:54.857,41,214742
2025-09-16 16:52:55.856,40,210730
2025-09-16 16:52:56.855,39,206719
2025-09-16 16:52:57.856,38,202709
2025-09-16 16:52:58.856,37,198698
2025-09-16 16:52:59.856,36,194687
2025-09-16 16:53:00.856,35,190677
2025-09-16 16:53:01.856,34,186665
2025-09-16 16:53:02.856,33,182655
2025-09-16 16:53:03.855,32,178643
2025-09-16 16:53:04.856,31,174634
2025-09-16 16:53:05.855,30,170623
2025-09-16 16:53:06.856,29,166613
2025-09-16 16:53:07.856,28,162601
2025-09-16 16:53:08.856,27,158792
2025-09-16 16:53:09.855,26,154779
2025-09-16 16:53:10.856,25,150768
2025-09-16 16:53:11.855,24,146755
2025-09-16 16:53:12.856,23,142745
2025-09-16 16:53:13.856,22,138732
2025-09-16 16:53:14.855,21,134722
2025-09-16 16:53:15.856,20,130713
2025-09-16 16:53:16.856,19,126702
2025-09-16 16:53:17.855,18,122690
2025-09-16 16:53:18.857,17,118680
2025-09-16 16:53:19.855,16,114667
2025-09-16 16:53:20.856,15,110657
2025-09-16 16:53:21.856,14,106646
2025-09-16 16:53:22.856,13,102834
2025-09-16 16:53:23.855,12,98822
2025-09-16 16:53:24.856,11,94811
2025-09-16 16:53:25.856,10,90598
2025-09-16 16:53:26.855,9,86788
2025-09-16 16:53:27.856,8,82777
2025-09-16 16:53:28.857,7,78766
2025-09-16 16:53:29.855,6,74752
2025-09-16 16:53:30.855,5,70739
2025-09-16 16:53:31.856,4,66729
2025-09-16 16:53:32.856,3,62719
2025-09-16 16:53:33.856,2,58708
2025-09-16 16:53:34.856,1,54697
2025-09-16 16:53:35.855,1,50685
2025-09-16 16:53:36.856,1,46675
2025-09-16 16:53:37.856,1,42662
2025-09-16 16:53:38.857,1,38653
2025-09-16 16:53:39.856,1,34638
2025-09-16 16:53:40.856,1,30829
2025-09-16 16:53:41.856,1,26819
2025-09-16 16:53:42.855,1,22807
2025-09-16 16:53:43.856,1,18596
2025-09-16 16:53:44.855,1,14786
2025-09-16 16:53:45.855,1,10776
2025-09-16 16:53:46.856,1,6765
2025-09-16 16:53:47.857,1,2755
2025-09-16 16:53:50.116,1,3
2025-09-16 16:53:55.127,1,3
2025-09-16 16:54:00.140,1,5
2025-09-16 16:54:05.151,1,5
2025-09-16 16:54:10.162,1,3
2025-09-16 16:54:15.174,1,3
2025-09-16 16:54:20.188,1,5
2025-09-16 16:54:25.196,1,2
2025-09-16 16:54:30.209,1,6
timestamp,lag,wait_ms
2025-09-16 16:54:36.765,1,1550
2025-09-16 16:54:40.230,1,4
timestamp,lag,wait_ms
2025-09-16 18:23:09.874,1055,5304636
2025-09-16 18:23:09.876,1054,5299827
2025-09-16 18:23:09.877,1052,5289603
2025-09-16 18:23:09.878,1053,5294816
2025-09-16 18:23:09.880,1051,5284792
2025-09-16 18:23:09.881,1050,5279782
2025-09-16 18:23:09.884,1049,5274773
2025-09-16 18:23:09.887,1048,5269764
2025-09-16 18:23:09.888,1047,5264753
2025-09-16 18:23:09.889,1046,5259744
2025-09-16 18:23:09.891,1045,5254734
2025-09-16 18:23:09.891,1044,5249721
2025-09-16 18:23:09.921,1043,5244740
2025-09-16 18:23:10.021,1042,5239829
2025-09-16 18:23:10.122,1041,5234917
2025-09-16 18:23:10.221,1040,5230004
2025-09-16 18:23:10.322,1039,5225094
2025-09-16 18:23:10.422,1038,5220182
2025-09-16 18:23:10.522,1037,5215268
2025-09-16 18:23:10.621,1036,5210557
2025-09-16 18:23:10.721,1035,5205443
2025-09-16 18:23:10.821,1034,5200734
2025-09-16 18:23:10.922,1033,5195824
2025-09-16 18:23:11.022,1032,5190913
2025-09-16 18:23:11.121,1031,5185999
2025-09-16 18:23:11.222,1030,5181087
2025-09-16 18:23:11.321,1029,5176174
2025-09-16 18:23:11.421,1028,5171262
2025-09-16 18:23:11.521,1027,5166350
2025-09-16 18:23:11.621,1026,5161438
2025-09-16 18:23:11.721,1025,5156525
2025-09-16 18:23:11.821,1024,5151613
2025-09-16 18:23:11.921,1023,5146699
2025-09-16 18:23:12.021,1022,5141789
2025-09-16 18:23:12.122,1021,5136878
2025-09-16 18:23:12.221,1020,5132164
2025-09-16 18:23:12.321,1019,5127052
2025-09-16 18:23:12.421,1018,5122341
2025-09-16 18:23:12.522,1017,5117230
2025-09-16 18:23:12.623,1016,5112518
2025-09-16 18:23:12.722,1015,5107606
2025-09-16 18:23:12.821,1014,5102695
2025-09-16 18:23:12.921,1013,5097783
2025-09-16 18:23:13.022,1012,5092872
2025-09-16 18:23:13.121,1011,5087959
2025-09-16 18:23:13.222,1010,5083051
2025-09-16 18:23:13.321,1009,5078139
2025-09-16 18:23:13.421,1008,5073227
2025-09-16 18:23:13.522,1007,5068315
2025-09-16 18:23:13.622,1006,5063404
2025-09-16 18:23:13.722,1005,5058493
2025-09-16 18:23:13.821,1004,5053580
2025-09-16 18:23:13.921,1003,5048869
2025-09-16 18:23:14.021,1002,5043957
2025-09-16 18:23:14.122,1001,5038846
2025-09-16 18:23:14.222,1000,5033933
2025-09-16 18:23:14.321,999,5029220
2025-09-16 18:23:14.421,998,5024310
2025-09-16 18:23:14.521,997,5019398
2025-09-16 18:23:14.621,996,5014487
2025-09-16 18:23:14.722,995,5009575
2025-09-16 18:23:14.821,994,5004662
2025-09-16 18:23:14.922,993,4999751
2025-09-16 18:23:15.022,992,4994841
2025-09-16 18:23:15.122,991,4989928
2025-09-16 18:23:15.222,990,4985016
2025-09-16 18:23:15.321,989,4980104
2025-09-16 18:23:15.422,988,4975193
2025-09-16 18:23:15.521,987,4970280
2025-09-16 18:23:15.621,986,4965370
2025-09-16 18:23:15.721,985,4960458
2025-09-16 18:23:15.821,984,4955546
2025-09-16 18:23:15.921,983,4950835
2025-09-16 18:23:16.021,982,4945722
2025-09-16 18:23:16.122,981,4941011
2025-09-16 18:23:16.221,980,4936100
2025-09-16 18:23:16.321,979,4931188
2025-09-16 18:23:16.422,978,4926278
2025-09-16 18:23:16.522,977,4921366
2025-09-16 18:23:16.621,976,4916453
2025-09-16 18:23:16.722,975,4911543
2025-09-16 18:23:16.821,974,4906632
2025-09-16 18:23:16.921,973,4901720
2025-09-16 18:23:17.022,972,4896808
2025-09-16 18:23:17.122,971,4891897
2025-09-16 18:23:17.222,970,4886986
2025-09-16 18:23:17.322,969,4882074
2025-09-16 18:23:17.421,968,4877162
2025-09-16 18:23:17.522,967,4872251
2025-09-16 18:23:17.622,966,4867339
2025-09-16 18:23:17.722,965,4862428
2025-09-16 18:23:17.821,964,4857715
2025-09-16 18:23:17.922,963,4852804
2025-09-16 18:23:18.021,962,4847894
2025-09-16 18:23:18.121,961,4842983
2025-09-16 18:23:18.221,960,4838070
2025-09-16 18:23:18.321,959,4833158
2025-09-16 18:23:18.421,958,4828246
2025-09-16 18:23:18.522,957,4823335
2025-09-16 18:23:18.622,956,4818425
2025-09-16 18:23:18.721,955,4813513
2025-09-16 18:23:18.821,954,4808602
2025-09-16 18:23:18.922,953,4803689
2025-09-16 18:23:19.022,952,4798778
2025-09-16 18:23:19.122,951,4793867
2025-09-16 18:23:19.222,950,4788957
2025-09-16 18:23:19.322,949,4784046
2025-09-16 18:23:19.422,948,4779133
2025-09-16 18:23:19.521,947,4774220
2025-09-16 18:23:19.621,946,4769308
2025-09-16 18:23:19.722,945,4764598
2025-09-16 18:23:19.821,944,4759686
2025-09-16 18:23:19.921,943,4754774
2025-09-16 18:23:20.021,942,4749863
2025-09-16 18:23:20.121,941,4744952
2025-09-16 18:23:20.220,940,4740040
2025-09-16 18:23:20.321,939,4735129
2025-09-16 18:23:20.421,938,4730218
2025-09-16 18:23:20.521,937,4725304
2025-09-16 18:23:20.621,936,4720391
2025-09-16 18:23:20.721,935,4715478
2025-09-16 18:23:20.821,934,4710567
2025-09-16 18:23:20.921,933,4705655
2025-09-16 18:23:21.022,932,4700745
2025-09-16 18:23:21.122,931,4695833
2025-09-16 18:23:21.222,930,4691122
2025-09-16 18:23:21.321,929,4686008
2025-09-16 18:23:21.421,928,4681297
2025-09-16 18:23:21.521,927,4676384
2025-09-16 18:23:21.622,926,4671475
2025-09-16 18:23:21.722,925,4666564
2025-09-16 18:23:21.821,924,4661652
2025-09-16 18:23:21.923,923,4656742
2025-09-16 18:23:22.021,922,4651829
2025-09-16 18:23:22.121,921,4646915
2025-09-16 18:23:22.222,920,4642006
2025-09-16 18:23:22.322,919,4637094
2025-09-16 18:23:22.422,918,4632182
2025-09-16 18:23:22.521,917,4627270
2025-09-16 18:23:22.621,916,4622358
2025-09-16 18:23:22.721,915,4617447
2025-09-16 18:23:22.821,914,4612538
2025-09-16 18:23:22.922,913,4607626
2025-09-16 18:23:23.021,912,4602711
2025-09-16 18:23:23.123,911,4598001
2025-09-16 18:23:23.222,910,4593087
2025-09-16 18:23:23.321,909,4588174
2025-09-16 18:23:23.421,908,4583263
2025-09-16 18:23:23.522,907,4578353
2025-09-16 18:23:23.622,906,4573441
2025-09-16 18:23:23.721,905,4568528
2025-09-16 18:23:23.821,904,4563616
2025-09-16 18:23:23.922,903,4558707
2025-09-16 18:23:24.022,902,4553795
2025-09-16 18:23:24.122,901,4548884
2025-09-16 18:23:24.221,900,4543972
2025-09-16 18:23:24.321,899,4539059
2025-09-16 18:23:24.421,898,4534147
2025-09-16 18:23:24.522,897,4529236
2025-09-16 18:23:24.621,896,4524524
2025-09-16 18:23:24.722,895,4519413
2025-09-16 18:23:24.821,894,4514700
2025-09-16 18:23:24.921,893,4509586
2025-09-16 18:23:25.021,892,4504873
2025-09-16 18:23:25.121,891,4499960
2025-09-16 18:23:25.222,890,4495049
2025-09-16 18:23:25.322,889,4490138
2025-09-16 18:23:25.421,888,4485225
2025-09-16 18:23:25.521,887,4480312
2025-09-16 18:23:25.621,886,4475399
2025-09-16 18:23:25.721,885,4470487
2025-09-16 18:23:25.822,884,4465578
2025-09-16 18:23:25.922,883,4460665
2025-09-16 18:23:26.022,882,4455752
2025-09-16 18:23:26.121,881,4450838
2025-09-16 18:23:26.221,880,4445926
2025-09-16 18:23:26.321,879,4441215
2025-09-16 18:23:26.421,878,4436304
2025-09-16 18:23:26.521,877,4431392
2025-09-16 18:23:26.622,876,4426481
2025-09-16 18:23:26.722,875,4421569
2025-09-16 18:23:26.822,874,4416656
2025-09-16 18:23:26.921,873,4411745
2025-09-16 18:23:27.022,872,4406833
2025-09-16 18:23:27.122,871,4401922
2025-09-16 18:23:27.221,870,4397008
2025-09-16 18:23:27.321,869,4392095
2025-09-16 18:23:27.421,868,4387183
2025-09-16 18:23:27.522,867,4382273
2025-09-16 18:23:27.621,866,4377362
2025-09-16 18:23:27.722,865,4372451
2025-09-16 18:23:27.821,864,4367537
2025-09-16 18:23:27.922,863,4362626
2025-09-16 18:23:28.021,862,4357713
2025-09-16 18:23:28.121,861,4352800
2025-09-16 18:23:28.221,860,4347887
2025-09-16 18:23:28.321,859,4342976
2025-09-16 18:23:28.421,858,4338266
2025-09-16 18:23:28.521,857,4333354
2025-09-16 18:23:28.621,856,4328441
2025-09-16 18:23:28.721,855,4323528
2025-09-16 18:23:28.821,854,4318618
2025-09-16 18:23:28.921,853,4313707
2025-09-16 18:23:29.021,852,4308795
2025-09-16 18:23:29.121,851,4303883
2025-09-16 18:23:29.221,850,4298972
2025-09-16 18:23:29.321,849,4294059
2025-09-16 18:23:29.421,848,4289148
2025-09-16 18:23:29.522,847,4284237
2025-09-16 18:23:29.622,846,4279327
2025-09-16 18:23:29.721,845,4274414
2025-09-16 18:23:29.822,844,4269502
2025-09-16 18:23:29.922,843,4264790
2025-09-16 18:23:30.021,842,4259678
2025-09-16 18:23:30.122,841,4254767
2025-09-16 18:23:30.222,840,4250055
2025-09-16 18:23:30.321,839,4245142
2025-09-16 18:23:30.421,838,4240230
2025-09-16 18:23:30.521,837,4235318
2025-09-16 18:23:30.621,836,4230407
2025-09-16 18:23:30.721,835,4225495
2025-09-16 18:23:30.821,834,4220583
2025-09-16 18:23:30.922,833,4215672
2025-09-16 18:23:31.022,832,4210760
2025-09-16 18:23:31.121,831,4205848
2025-09-16 18:23:31.223,830,4200939
2025-09-16 18:23:31.323,829,4196028
2025-09-16 18:23:31.421,828,4191114
2025-09-16 18:23:31.522,827,4186404
2025-09-16 18:23:31.621,826,4181290
2025-09-16 18:23:31.721,825,4176378
2025-09-16 18:23:31.822,824,4171469
2025-09-16 18:23:31.922,823,4166558
2025-09-16 18:23:32.022,822,4161847
2025-09-16 18:23:32.122,821,4156934
2025-09-16 18:23:32.222,820,4152021
2025-09-16 18:23:32.321,819,4147107
2025-09-16 18:23:32.421,818,4142195
2025-09-16 18:23:32.521,817,4137284
2025-09-16 18:23:32.622,816,4132373
2025-09-16 18:23:32.721,815,4127460
2025-09-16 18:23:32.821,814,4122548
2025-09-16 18:23:32.922,813,4117639
2025-09-16 18:23:33.021,812,4112728
2025-09-16 18:23:33.121,811,4107816
2025-09-16 18:23:33.221,810,4102904
2025-09-16 18:23:33.321,809,4097992
2025-09-16 18:23:33.421,808,4093080
2025-09-16 18:23:33.521,807,4088369
2025-09-16 18:23:33.621,806,4083256
2025-09-16 18:23:33.721,805,4078545
2025-09-16 18:23:33.821,804,4073633
2025-09-16 18:23:33.921,803,4068722
2025-09-16 18:23:34.021,802,4063811
2025-09-16 18:23:34.122,801,4058900
2025-09-16 18:23:34.221,800,4053988
2025-09-16 18:23:34.321,799,4049076
2025-09-16 18:23:34.421,798,4044164
2025-09-16 18:23:34.521,797,4039252
2025-09-16 18:23:34.622,796,4034343
2025-09-16 18:23:34.722,795,4029431
2025-09-16 18:23:34.822,794,4024520
2025-09-16 18:23:34.921,793,4019608
2025-09-16 18:23:35.021,792,4014695
2025-09-16 18:23:35.121,791,4009983
2025-09-16 18:23:35.221,790,4004871
2025-09-16 18:23:35.323,789,4000162
2025-09-16 18:23:35.421,788,3995050
2025-09-16 18:23:35.521,787,3990338
2025-09-16 18:23:35.622,786,3985428
2025-09-16 18:23:35.722,785,3980516
2025-09-16 18:23:35.821,784,3975602
2025-09-16 18:23:35.921,783,3970691
2025-09-16 18:23:36.021,782,3965779
2025-09-16 18:23:36.121,781,3960869
2025-09-16 18:23:36.221,780,3955958
2025-09-16 18:23:36.321,779,3951047
2025-09-16 18:23:36.421,778,3946135
2025-09-16 18:23:36.521,777,3941225
2025-09-16 18:23:36.620,776,3936313
2025-09-16 18:23:36.721,775,3931403
2025-09-16 18:23:36.821,774,3926491
2025-09-16 18:23:36.921,773,3921579
2025-09-16 18:23:37.021,772,3916667
2025-09-16 18:23:37.121,771,3911753
2025-09-16 18:23:37.221,770,3906841
2025-09-16 18:23:37.322,769,3902129
2025-09-16 18:23:37.421,768,3897215
2025-09-16 18:23:37.521,767,3892302
2025-09-16 18:23:37.621,766,3887390
2025-09-16 18:23:37.722,765,3882479
2025-09-16 18:23:37.821,764,3877568
2025-09-16 18:23:37.922,763,3872658
2025-09-16 18:23:38.021,762,3867745
2025-09-16 18:23:38.121,761,3862835
2025-09-16 18:23:38.222,760,3857924
2025-09-16 18:23:38.321,759,3853010
2025-09-16 18:23:38.421,758,3848099
2025-09-16 18:23:38.521,757,3843185
2025-09-16 18:23:38.622,756,3838274
2025-09-16 18:23:38.721,755,3833361
2025-09-16 18:23:38.822,754,3828450
2025-09-16 18:23:38.921,753,3823737
2025-09-16 18:23:39.021,752,3818826
2025-09-16 18:23:39.121,751,3813915
2025-09-16 18:23:39.221,750,3809002
2025-09-16 18:23:39.320,749,3804090
2025-09-16 18:23:39.421,748,3799177
2025-09-16 18:23:39.521,747,3794268
2025-09-16 18:23:39.621,746,3789358
2025-09-16 18:23:39.721,745,3784446
2025-09-16 18:23:39.821,744,3779536
2025-09-16 18:23:39.922,743,3774625
2025-09-16 18:23:40.021,742,3769712
2025-09-16 18:23:40.121,741,3764798
2025-09-16 18:23:40.222,740,3759887
2025-09-16 18:23:40.322,739,3754975
2025-09-16 18:23:40.421,738,3750062
2025-09-16 18:23:40.520,737,3745149
2025-09-16 18:23:40.621,736,3740237
2025-09-16 18:23:40.722,735,3735526
2025-09-16 18:23:40.821,734,3730613
2025-09-16 18:23:40.921,733,3725702
2025-09-16 18:23:41.021,732,3720790
2025-09-16 18:23:41.121,731,3715879
2025-09-16 18:23:41.221,730,3710966
2025-09-16 18:23:41.321,729,3706054
2025-09-16 18:23:41.421,728,3701143
2025-09-16 18:23:41.521,727,3696231
2025-09-16 18:23:41.622,726,3691320
2025-09-16 18:23:41.722,725,3686408
2025-09-16 18:23:41.821,724,3681496
2025-09-16 18:23:41.921,723,3676584
2025-09-16 18:23:42.021,722,3671674
2025-09-16 18:23:42.121,721,3666763
2025-09-16 18:23:42.221,720,3661851
2025-09-16 18:23:42.321,719,3656939
2025-09-16 18:23:42.422,718,3652028
2025-09-16 18:23:42.522,717,3647317
2025-09-16 18:23:42.621,716,3642404
2025-09-16 18:23:42.721,715,3637492
2025-09-16 18:23:42.823,714,3632583
2025-09-16 18:23:42.922,713,3627669
2025-09-16 18:23:43.021,712,3622757
2025-09-16 18:23:43.120,711,3617845
2025-09-16 18:23:43.221,710,3612935
2025-09-16 18:23:43.321,709,3608024
2025-09-16 18:23:43.421,708,3603110
2025-09-16 18:23:43.521,707,3598198
2025-09-16 18:23:43.621,706,3593286
2025-09-16 18:23:43.721,705,3588374
2025-09-16 18:23:43.821,704,3583462
2025-09-16 18:23:43.921,703,3578549
2025-09-16 18:23:44.022,702,3573838
2025-09-16 18:23:44.122,701,3568723
2025-09-16 18:23:44.221,700,3564010
2025-09-16 18:23:44.321,699,3559098
2025-09-16 18:23:44.421,698,3554188
2025-09-16 18:23:44.521,697,3549276
2025-09-16 18:23:44.621,696,3544364
2025-09-16 18:23:44.721,695,3539453
2025-09-16 18:23:44.822,694,3534542
2025-09-16 18:23:44.921,693,3529628
2025-09-16 18:23:45.021,692,3524717
2025-09-16 18:23:45.122,691,3519806
2025-09-16 18:23:45.221,690,3514893
2025-09-16 18:23:45.320,689,3509980
2025-09-16 18:23:45.421,688,3505068
2025-09-16 18:23:45.521,687,3500156
2025-09-16 18:23:45.621,686,3495244
2025-09-16 18:23:45.721,685,3490332
2025-09-16 18:23:45.821,684,3485420
2025-09-16 18:23:45.922,683,3480710
2025-09-16 18:23:46.022,682,3475797
2025-09-16 18:23:46.121,681,3470886
2025-09-16 18:23:46.222,680,3465976
2025-09-16 18:23:46.322,679,3461065
2025-09-16 18:23:46.422,678,3456154
2025-09-16 18:23:46.522,677,3451242
2025-09-16 18:23:46.621,676,3446328
2025-09-16 18:23:46.721,675,3441415
2025-09-16 18:23:46.820,674,3436504
2025-09-16 18:23:46.921,673,3431594
2025-09-16 18:23:47.021,672,3426681
2025-09-16 18:23:47.121,671,3421769
2025-09-16 18:23:47.221,670,3416858
2025-09-16 18:23:47.321,669,3411945
2025-09-16 18:23:47.421,668,3407034
2025-09-16 18:23:47.521,667,3402122
2025-09-16 18:23:47.622,666,3397412
2025-09-16 18:23:47.721,665,3392500
2025-09-16 18:23:47.821,664,3387588
2025-09-16 18:23:47.921,663,3382677
2025-09-16 18:23:48.020,662,3377766
2025-09-16 18:23:48.122,661,3372858
2025-09-16 18:23:48.222,660,3367946
2025-09-16 18:23:48.321,659,3363033
2025-09-16 18:23:48.421,658,3358120
2025-09-16 18:23:48.522,657,3353209
2025-09-16 18:23:48.621,656,3348296
2025-09-16 18:23:48.720,655,3343383
2025-09-16 18:23:48.822,654,3338473
2025-09-16 18:23:48.923,653,3333561
2025-09-16 18:23:49.021,652,3328647
2025-09-16 18:23:49.121,651,3323734
2025-09-16 18:23:49.222,650,3319024
2025-09-16 18:23:49.321,649,3313909
2025-09-16 18:23:49.421,648,3308996
2025-09-16 18:23:49.521,647,3304283
2025-09-16 18:23:49.621,646,3299371
2025-09-16 18:23:49.721,645,3294459
2025-09-16 18:23:49.821,644,3289548
2025-09-16 18:23:49.921,643,3284633
2025-09-16 18:23:50.021,642,3279721
2025-09-16 18:23:50.121,641,3274810
2025-09-16 18:23:50.221,640,3269897
2025-09-16 18:23:50.321,639,3264985
2025-09-16 18:23:50.421,638,3260074
2025-09-16 18:23:50.521,637,3255163
2025-09-16 18:23:50.622,636,3250250
2025-09-16 18:23:50.721,635,3245338
2025-09-16 18:23:50.821,634,3240627
2025-09-16 18:23:50.921,633,3235514
2025-09-16 18:23:51.021,632,3230802
2025-09-16 18:23:51.121,631,3225889
2025-09-16 18:23:51.222,630,3220978
2025-09-16 18:23:51.321,629,3216066
2025-09-16 18:23:51.422,628,3211154
2025-09-16 18:23:51.521,627,3206241
2025-09-16 18:23:51.621,626,3201329
2025-09-16 18:23:51.720,625,3196415
2025-09-16 18:23:51.821,624,3191504
2025-09-16 18:23:51.921,623,3186593
2025-09-16 18:23:52.023,622,3181682
2025-09-16 18:23:52.122,621,3176768
2025-09-16 18:23:52.221,620,3171857
2025-09-16 18:23:52.322,619,3166945
2025-09-16 18:23:52.424,618,3162035
2025-09-16 18:23:52.522,617,3157320
2025-09-16 18:23:52.622,616,3152208
2025-09-16 18:23:52.721,615,3147295
2025-09-16 18:23:52.821,614,3142582
2025-09-16 18:23:52.921,613,3137669
2025-09-16 18:23:53.021,612,3132756
2025-09-16 18:23:53.121,611,3127843
2025-09-16 18:23:53.221,610,3122931
2025-09-16 18:23:53.321,609,3118019
2025-09-16 18:23:53.421,608,3113107
2025-09-16 18:23:53.522,607,3108195
2025-09-16 18:23:53.621,606,3103281
2025-09-16 18:23:53.720,605,3098369
2025-09-16 18:23:53.821,604,3093456
2025-09-16 18:23:53.921,603,3088543
2025-09-16 18:23:54.024,602,3083637
2025-09-16 18:23:54.121,601,3078720
2025-09-16 18:23:54.221,600,3073808
2025-09-16 18:23:54.321,599,3068896
2025-09-16 18:23:54.421,598,3063984
2025-09-16 18:23:54.520,597,3059073
2025-09-16 18:23:54.622,596,3054364
2025-09-16 18:23:54.721,595,3049450
2025-09-16 18:23:54.821,594,3044538
2025-09-16 18:23:54.920,593,3039624
2025-09-16 18:23:55.021,592,3034712
2025-09-16 18:23:55.121,591,3029799
2025-09-16 18:23:55.221,590,3024888
2025-09-16 18:23:55.320,589,3019973
2025-09-16 18:23:55.421,588,3015062
2025-09-16 18:23:55.521,587,3010149
2025-09-16 18:23:55.621,586,3005237
2025-09-16 18:23:55.721,585,3000323
2025-09-16 18:23:55.821,584,2995412
2025-09-16 18:23:55.921,583,2990500
2025-09-16 18:23:56.021,582,2985587
2025-09-16 18:23:56.121,581,2980676
2025-09-16 18:23:56.221,580,2975965
2025-09-16 18:23:56.321,579,2971053
2025-09-16 18:23:56.421,578,2966141
2025-09-16 18:23:56.521,577,2961229
2025-09-16 18:23:56.621,576,2956317
2025-09-16 18:23:56.721,575,2951405
2025-09-16 18:23:56.822,574,2946494
2025-09-16 18:23:56.922,573,2941580
2025-09-16 18:23:57.022,572,2936669
2025-09-16 18:23:57.121,571,2931754
2025-09-16 18:23:57.221,570,2926841
2025-09-16 18:23:57.321,569,2921929
2025-09-16 18:23:57.421,568,2917017
2025-09-16 18:23:57.521,567,2912105
2025-09-16 18:23:57.621,566,2907194
2025-09-16 18:23:57.721,565,2902281
2025-09-16 18:23:57.821,564,2897569
2025-09-16 18:23:57.922,563,2892659
2025-09-16 18:23:58.021,562,2887746
2025-09-16 18:23:58.121,561,2882835
2025-09-16 18:23:58.222,560,2877925
2025-09-16 18:23:58.321,559,2873013
2025-09-16 18:23:58.421,558,2868101
2025-09-16 18:23:58.521,557,2863189
2025-09-16 18:23:58.621,556,2858277
2025-09-16 18:23:58.721,555,2853366
2025-09-16 18:23:58.821,554,2848455
2025-09-16 18:23:58.922,553,2843544
2025-09-16 18:23:59.021,552,2838629
2025-09-16 18:23:59.121,551,2833717
2025-09-16 18:23:59.222,550,2828804
2025-09-16 18:23:59.321,549,2823892
2025-09-16 18:23:59.421,548,2818981
2025-09-16 18:23:59.521,547,2814069
2025-09-16 18:23:59.621,546,2809156
2025-09-16 18:23:59.721,545,2804443
2025-09-16 18:23:59.821,544,2799532
2025-09-16 18:23:59.921,543,2794618
2025-09-16 18:24:00.021,542,2789705
2025-09-16 18:24:00.120,541,2784792
2025-09-16 18:24:00.221,540,2779880
2025-09-16 18:24:00.320,539,2774966
2025-09-16 18:24:00.420,538,2770053
2025-09-16 18:24:00.521,537,2765142
2025-09-16 18:24:00.621,536,2760231
2025-09-16 18:24:00.721,535,2755319
2025-09-16 18:24:00.821,534,2750407
2025-09-16 18:24:00.922,533,2745695
2025-09-16 18:24:01.021,532,2740784
2025-09-16 18:24:01.121,531,2735871
2025-09-16 18:24:01.222,530,2730760
2025-09-16 18:24:01.323,529,2726049
2025-09-16 18:24:01.421,528,2721135
2025-09-16 18:24:01.522,527,2716224
2025-09-16 18:24:01.621,526,2711311
2025-09-16 18:24:01.720,525,2706397
2025-09-16 18:24:01.821,524,2701487
2025-09-16 18:24:01.920,523,2696574
2025-09-16 18:24:02.021,522,2691662
2025-09-16 18:24:02.121,521,2686750
2025-09-16 18:24:02.221,520,2681837
2025-09-16 18:24:02.321,519,2676925
2025-09-16 18:24:02.421,518,2672014
2025-09-16 18:24:02.521,517,2667102
2025-09-16 18:24:02.621,516,2662190
2025-09-16 18:24:02.721,515,2657280
2025-09-16 18:24:02.821,514,2652367
2025-09-16 18:24:02.922,513,2647654
2025-09-16 18:24:03.021,512,2642742
2025-09-16 18:24:03.121,511,2637830
2025-09-16 18:24:03.221,510,2632919
2025-09-16 18:24:03.322,509,2628008
2025-09-16 18:24:03.421,508,2623095
2025-09-16 18:24:03.521,507,2618183
2025-09-16 18:24:03.621,506,2613271
2025-09-16 18:24:03.722,505,2608359
2025-09-16 18:24:03.822,504,2603448
2025-09-16 18:24:03.920,503,2598532
2025-09-16 18:24:04.021,502,2593621
2025-09-16 18:24:04.121,501,2588709
2025-09-16 18:24:04.221,500,2583798
2025-09-16 18:24:04.321,499,2578887
2025-09-16 18:24:04.421,498,2574176
2025-09-16 18:24:04.521,497,2569264
2025-09-16 18:24:04.621,496,2564352
2025-09-16 18:24:04.721,495,2559439
2025-09-16 18:24:04.822,494,2554529
2025-09-16 18:24:04.922,493,2549617
2025-09-16 18:24:05.021,492,2544703
2025-09-16 18:24:05.122,491,2539791
2025-09-16 18:24:05.221,490,2534876
2025-09-16 18:24:05.321,489,2529962
2025-09-16 18:24:05.421,488,2525051
2025-09-16 18:24:05.522,487,2520139
2025-09-16 18:24:05.622,486,2515227
2025-09-16 18:24:05.722,485,2510314
2025-09-16 18:24:05.822,484,2505403
2025-09-16 18:24:05.921,483,2500490
2025-09-16 18:24:06.024,482,2495584
2025-09-16 18:24:06.122,481,2490670
2025-09-16 18:24:06.221,480,2485956
2025-09-16 18:24:06.321,479,2481044
2025-09-16 18:24:06.421,478,2476132
2025-09-16 18:24:06.521,477,2471220
2025-09-16 18:24:06.621,476,2466306
2025-09-16 18:24:06.720,475,2461394
2025-09-16 18:24:06.821,474,2456483
2025-09-16 18:24:06.921,473,2451569
2025-09-16 18:24:07.021,472,2446657
2025-09-16 18:24:07.120,471,2441742
2025-09-16 18:24:07.221,470,2436834
2025-09-16 18:24:07.320,469,2431920
2025-09-16 18:24:07.421,468,2427009
2025-09-16 18:24:07.521,467,2422097
2025-09-16 18:24:07.621,466,2417186
2025-09-16 18:24:07.722,465,2412275
2025-09-16 18:24:07.821,464,2407563
2025-09-16 18:24:07.921,463,2402450
2025-09-16 18:24:08.021,462,2397537
2025-09-16 18:24:08.120,461,2392824
2025-09-16 18:24:08.220,460,2387912
2025-09-16 18:24:08.321,459,2383001
2025-09-16 18:24:08.421,458,2378090
2025-09-16 18:24:08.520,457,2373177
2025-09-16 18:24:08.621,456,2368265
2025-09-16 18:24:08.721,455,2363353
2025-09-16 18:24:08.821,454,2358441
2025-09-16 18:24:08.921,453,2353529
2025-09-16 18:24:09.021,452,2348617
2025-09-16 18:24:09.121,451,2343706
2025-09-16 18:24:09.221,450,2338796
2025-09-16 18:24:09.321,449,2333885
2025-09-16 18:24:09.421,448,2328972
2025-09-16 18:24:09.522,447,2324061
2025-09-16 18:24:09.621,446,2319350
2025-09-16 18:24:09.721,445,2314236
2025-09-16 18:24:09.821,444,2309324
2025-09-16 18:24:09.921,443,2304612
2025-09-16 18:24:10.022,442,2299700
2025-09-16 18:24:10.120,441,2294786
2025-09-16 18:24:10.221,440,2289875
2025-09-16 18:24:10.321,439,2284963
2025-09-16 18:24:10.421,438,2280050
2025-09-16 18:24:10.521,437,2275137
2025-09-16 18:24:10.621,436,2270224
2025-09-16 18:24:10.720,435,2265312
2025-09-16 18:24:10.821,434,2260401
2025-09-16 18:24:10.921,433,2255489
2025-09-16 18:24:11.021,432,2250578
2025-09-16 18:24:11.121,431,2245664
2025-09-16 18:24:11.221,430,2240752
2025-09-16 18:24:11.321,429,2235840
2025-09-16 18:24:11.421,428,2230929
2025-09-16 18:24:11.521,427,2226016
2025-09-16 18:24:11.621,426,2221304
2025-09-16 18:24:11.721,425,2216392
2025-09-16 18:24:11.822,424,2211479
2025-09-16 18:24:11.920,423,2206565
2025-09-16 18:24:12.020,422,2201653
2025-09-16 18:24:12.121,421,2196741
2025-09-16 18:24:12.221,420,2191828
2025-09-16 18:24:12.321,419,2186916
2025-09-16 18:24:12.421,418,2182005
2025-09-16 18:24:12.520,417,2177092
2025-09-16 18:24:12.620,416,2172180
2025-09-16 18:24:12.720,415,2167268
2025-09-16 18:24:12.821,414,2162356
2025-09-16 18:24:12.921,413,2157442
2025-09-16 18:24:13.020,412,2152529
2025-09-16 18:24:13.122,411,2147819
2025-09-16 18:24:13.221,410,2142907
2025-09-16 18:24:13.322,409,2137996
2025-09-16 18:24:13.421,408,2133081
2025-09-16 18:24:13.520,407,2128169
2025-09-16 18:24:13.621,406,2123256
2025-09-16 18:24:13.721,405,2118345
2025-09-16 18:24:13.821,404,2113433
2025-09-16 18:24:13.921,403,2108520
2025-09-16 18:24:14.022,402,2103609
2025-09-16 18:24:14.121,401,2098696
2025-09-16 18:24:14.221,400,2093783
2025-09-16 18:24:14.321,399,2088871
2025-09-16 18:24:14.421,398,2083960
2025-09-16 18:24:14.521,397,2079048
2025-09-16 18:24:14.621,396,2074135
2025-09-16 18:24:14.721,395,2069222
2025-09-16 18:24:14.821,394,2064310
2025-09-16 18:24:14.921,393,2059598
2025-09-16 18:24:15.020,392,2054685
2025-09-16 18:24:15.121,391,2049773
2025-09-16 18:24:15.221,390,2044860
2025-09-16 18:24:15.321,389,2039949
2025-09-16 18:24:15.421,388,2035035
2025-09-16 18:24:15.521,387,2030123
2025-09-16 18:24:15.622,386,2025215
2025-09-16 18:24:15.721,385,2020303
2025-09-16 18:24:15.821,384,2015390
2025-09-16 18:24:15.920,383,2010477
2025-09-16 18:24:16.021,382,2005567
2025-09-16 18:24:16.121,381,2000654
2025-09-16 18:24:16.221,380,1995742
2025-09-16 18:24:16.321,379,1990831
2025-09-16 18:24:16.421,378,1985918
2025-09-16 18:24:16.521,377,1981006
2025-09-16 18:24:16.622,376,1976094
2025-09-16 18:24:16.721,375,1971381
2025-09-16 18:24:16.821,374,1966469
2025-09-16 18:24:16.921,373,1961557
2025-09-16 18:24:17.020,372,1956645
2025-09-16 18:24:17.120,371,1951732
2025-09-16 18:24:17.221,370,1946822
2025-09-16 18:24:17.321,369,1941911
2025-09-16 18:24:17.421,368,1937000
2025-09-16 18:24:17.521,367,1932087
2025-09-16 18:24:17.621,366,1927174
2025-09-16 18:24:17.722,365,1922263
2025-09-16 18:24:17.821,364,1917349
2025-09-16 18:24:17.920,363,1912436
2025-09-16 18:24:18.021,362,1907728
2025-09-16 18:24:18.121,361,1902615
2025-09-16 18:24:18.221,360,1897702
2025-09-16 18:24:18.321,359,1892790
2025-09-16 18:24:18.421,358,1888076
2025-09-16 18:24:18.521,357,1883164
2025-09-16 18:24:18.621,356,1878253
2025-09-16 18:24:18.721,355,1873342
2025-09-16 18:24:18.821,354,1868431
2025-09-16 18:24:18.921,353,1863518
2025-09-16 18:24:19.022,352,1858607
2025-09-16 18:24:19.121,351,1853694
2025-09-16 18:24:19.221,350,1848783
2025-09-16 18:24:19.321,349,1843871
2025-09-16 18:24:19.421,348,1838957
2025-09-16 18:24:19.521,347,1834043
2025-09-16 18:24:19.622,346,1829132
2025-09-16 18:24:19.722,345,1824421
2025-09-16 18:24:19.821,344,1819509
2025-09-16 18:24:19.920,343,1814393
2025-09-16 18:24:20.021,342,1809680
2025-09-16 18:24:20.121,341,1804768
2025-09-16 18:24:20.222,340,1799856
2025-09-16 18:24:20.321,339,1794944
2025-09-16 18:24:20.421,338,1790033
2025-09-16 18:24:20.520,337,1785120
2025-09-16 18:24:20.621,336,1780209
2025-09-16 18:24:20.721,335,1775297
2025-09-16 18:24:20.821,334,1770384
2025-09-16 18:24:20.921,333,1765472
2025-09-16 18:24:21.021,332,1760561
2025-09-16 18:24:21.121,331,1755648
2025-09-16 18:24:21.220,330,1750735
2025-09-16 18:24:21.320,329,1745822
2025-09-16 18:24:21.420,328,1741109
2025-09-16 18:24:21.521,327,1735997
2025-09-16 18:24:21.621,326,1731086
2025-09-16 18:24:21.721,325,1726374
2025-09-16 18:24:21.821,324,1721461
2025-09-16 18:24:21.921,323,1716548
2025-09-16 18:24:22.021,322,1711634
2025-09-16 18:24:22.121,321,1706722
2025-09-16 18:24:22.221,320,1701811
2025-09-16 18:24:22.321,319,1696897
2025-09-16 18:24:22.421,318,1691985
2025-09-16 18:24:22.522,317,1687073
2025-09-16 18:24:22.621,316,1682160
2025-09-16 18:24:22.720,315,1677247
2025-09-16 18:24:22.821,314,1672337
2025-09-16 18:24:22.921,313,1667425
2025-09-16 18:24:23.021,312,1662513
2025-09-16 18:24:23.121,311,1657599
2025-09-16 18:24:23.222,310,1652887
2025-09-16 18:24:23.321,309,1647772
2025-09-16 18:24:23.422,308,1643064
2025-09-16 18:24:23.521,307,1638151
2025-09-16 18:24:23.621,306,1633238
2025-09-16 18:24:23.721,305,1628325
2025-09-16 18:24:23.822,304,1623413
2025-09-16 18:24:23.921,303,1618498
2025-09-16 18:24:24.021,302,1613584
2025-09-16 18:24:24.121,301,1608672
2025-09-16 18:24:24.220,300,1603758
2025-09-16 18:24:24.320,299,1598847
2025-09-16 18:24:24.420,298,1593934
2025-09-16 18:24:24.521,297,1589023
2025-09-16 18:24:24.621,296,1584112
2025-09-16 18:24:24.721,295,1579400
2025-09-16 18:24:24.821,294,1574488
2025-09-16 18:24:24.921,293,1569375
2025-09-16 18:24:25.021,292,1564663
2025-09-16 18:24:25.121,291,1559751
2025-09-16 18:24:25.221,290,1554839
2025-09-16 18:24:25.322,289,1549928
2025-09-16 18:24:25.420,288,1545014
2025-09-16 18:24:25.521,287,1540101
2025-09-16 18:24:25.621,286,1535189
2025-09-16 18:24:25.721,285,1530276
2025-09-16 18:24:25.820,284,1525364
2025-09-16 18:24:25.922,283,1520454
2025-09-16 18:24:26.021,282,1515541
2025-09-16 18:24:26.121,281,1510629
2025-09-16 18:24:26.221,280,1505716
2025-09-16 18:24:26.321,279,1500804
2025-09-16 18:24:26.421,278,1495893
2025-09-16 18:24:26.521,277,1490981
2025-09-16 18:24:26.621,276,1486069
2025-09-16 18:24:26.721,275,1481156
2025-09-16 18:24:26.821,274,1476445
2025-09-16 18:24:26.921,273,1471533
2025-09-16 18:24:27.021,272,1466621
2025-09-16 18:24:27.121,271,1461709
2025-09-16 18:24:27.221,270,1456797
2025-09-16 18:24:27.322,269,1451885
2025-09-16 18:24:27.421,268,1446970
2025-09-16 18:24:27.521,267,1442058
2025-09-16 18:24:27.621,266,1437147
2025-09-16 18:24:27.721,265,1432235
2025-09-16 18:24:27.820,264,1427323
2025-09-16 18:24:27.922,263,1422412
2025-09-16 18:24:28.021,262,1417500
2025-09-16 18:24:28.121,261,1412588
2025-09-16 18:24:28.222,260,1407677
2025-09-16 18:24:28.321,259,1402763
2025-09-16 18:24:28.421,258,1397852
2025-09-16 18:24:28.521,257,1393138
2025-09-16 18:24:28.622,256,1388226
2025-09-16 18:24:28.721,255,1383314
2025-09-16 18:24:28.820,254,1378402
2025-09-16 18:24:28.922,253,1373491
2025-09-16 18:24:29.021,252,1368577
2025-09-16 18:24:29.121,251,1363666
2025-09-16 18:24:29.221,250,1358754
2025-09-16 18:24:29.321,249,1353841
2025-09-16 18:24:29.421,248,1348931
2025-09-16 18:24:29.521,247,1344019
2025-09-16 18:24:29.621,246,1339107
2025-09-16 18:24:29.721,245,1334195
2025-09-16 18:24:29.821,244,1329282
2025-09-16 18:24:29.921,243,1324370
2025-09-16 18:24:30.021,242,1319457
2025-09-16 18:24:30.121,241,1314546
2025-09-16 18:24:30.222,240,1309835
2025-09-16 18:24:30.321,239,1304920
2025-09-16 18:24:30.422,238,1300009
2025-09-16 18:24:30.521,237,1295095
2025-09-16 18:24:30.622,236,1290184
2025-09-16 18:24:30.722,235,1285274
2025-09-16 18:24:30.821,234,1280361
2025-09-16 18:24:30.921,233,1275449
2025-09-16 18:24:31.021,232,1270538
2025-09-16 18:24:31.121,231,1265625
2025-09-16 18:24:31.221,230,1260713
2025-09-16 18:24:31.321,229,1255801
2025-09-16 18:24:31.420,228,1250888
2025-09-16 18:24:31.521,227,1245977
2025-09-16 18:24:31.621,226,1241065
2025-09-16 18:24:31.721,225,1236152
2025-09-16 18:24:31.821,224,1231242
2025-09-16 18:24:31.921,223,1226530
2025-09-16 18:24:32.021,222,1221618
2025-09-16 18:24:32.121,221,1216706
2025-09-16 18:24:32.222,220,1211795
2025-09-16 18:24:32.321,219,1206881
2025-09-16 18:24:32.421,218,1201970
2025-09-16 18:24:32.521,217,1197059
2025-09-16 18:24:32.620,216,1192146
2025-09-16 18:24:32.721,215,1187234
2025-09-16 18:24:32.821,214,1182322
2025-09-16 18:24:32.921,213,1177410
2025-09-16 18:24:33.021,212,1172498
2025-09-16 18:24:33.121,211,1167586
2025-09-16 18:24:33.220,210,1162672
2025-09-16 18:24:33.320,209,1157759
2025-09-16 18:24:33.421,208,1153048
2025-09-16 18:24:33.522,207,1147937
2025-09-16 18:24:33.621,206,1143225
2025-09-16 18:24:33.720,205,1138313
2025-09-16 18:24:33.821,204,1133400
2025-09-16 18:24:33.920,203,1128487
2025-09-16 18:24:34.020,202,1123576
2025-09-16 18:24:34.121,201,1118665
2025-09-16 18:24:34.221,200,1113754
2025-09-16 18:24:34.321,199,1108841
2025-09-16 18:24:34.421,198,1103928
2025-09-16 18:24:34.520,197,1099015
2025-09-16 18:24:34.621,196,1094103
2025-09-16 18:24:34.721,195,1089191
2025-09-16 18:24:34.820,194,1084281
2025-09-16 18:24:34.921,193,1079370
2025-09-16 18:24:35.022,192,1074457
2025-09-16 18:24:35.122,191,1069545
2025-09-16 18:24:35.221,190,1064631
2025-09-16 18:24:35.320,189,1059716
2025-09-16 18:24:35.421,188,1055006
2025-09-16 18:24:35.521,187,1050094
2025-09-16 18:24:35.620,186,1045182
2025-09-16 18:24:35.721,185,1040272
2025-09-16 18:24:35.820,184,1035358
2025-09-16 18:24:35.921,183,1030448
2025-09-16 18:24:36.021,182,1025537
2025-09-16 18:24:36.121,181,1020626
2025-09-16 18:24:36.221,180,1015713
2025-09-16 18:24:36.321,179,1010801
2025-09-16 18:24:36.421,178,1005889
2025-09-16 18:24:36.521,177,1000975
2025-09-16 18:24:36.621,176,996065
2025-09-16 18:24:36.721,175,991353
2025-09-16 18:24:36.821,174,986241
2025-09-16 18:24:36.921,173,981528
2025-09-16 18:24:37.021,172,976615
2025-09-16 18:24:37.121,171,971702
2025-09-16 18:24:37.221,170,966791
2025-09-16 18:24:37.321,169,961878
2025-09-16 18:24:37.421,168,956964
2025-09-16 18:24:37.521,167,952054
2025-09-16 18:24:37.621,166,947140
2025-09-16 18:24:37.721,165,942225
2025-09-16 18:24:37.821,164,937313
2025-09-16 18:24:37.920,163,932400
2025-09-16 18:24:38.020,162,927487
2025-09-16 18:24:38.121,161,922577
2025-09-16 18:24:38.221,160,917663
2025-09-16 18:24:38.321,159,912752
2025-09-16 18:24:38.421,158,907841
2025-09-16 18:24:38.521,157,902927
2025-09-16 18:24:38.621,156,898013
2025-09-16 18:24:38.720,155,893300
2025-09-16 18:24:38.821,154,888388
2025-09-16 18:24:38.921,153,883475
2025-09-16 18:24:39.021,152,878565
2025-09-16 18:24:39.122,151,873652
2025-09-16 18:24:39.221,150,868739
2025-09-16 18:24:39.321,149,863826
2025-09-16 18:24:39.421,148,858913
2025-09-16 18:24:39.521,147,854001
2025-09-16 18:24:39.621,146,849090
2025-09-16 18:24:39.721,145,844178
2025-09-16 18:24:39.820,144,839266
2025-09-16 18:24:39.920,143,834353
2025-09-16 18:24:40.021,142,829443
2025-09-16 18:24:40.121,141,824730
2025-09-16 18:24:40.221,140,819617
2025-09-16 18:24:40.321,139,814703
2025-09-16 18:24:40.420,138,809990
2025-09-16 18:24:40.521,137,805079
2025-09-16 18:24:40.621,136,800167
2025-09-16 18:24:40.722,135,795256
2025-09-16 18:24:40.821,134,790345
2025-09-16 18:24:40.921,133,785433
2025-09-16 18:24:41.021,132,780521
2025-09-16 18:24:41.121,131,775609
2025-09-16 18:24:41.222,130,770698
2025-09-16 18:24:41.321,129,765785
2025-09-16 18:24:41.422,128,760877
2025-09-16 18:24:41.520,127,755963
2025-09-16 18:24:41.621,126,751052
2025-09-16 18:24:41.720,125,746139
2025-09-16 18:24:41.821,124,741226
2025-09-16 18:24:41.921,123,736516
2025-09-16 18:24:42.020,122,731404
2025-09-16 18:24:42.121,121,726691
2025-09-16 18:24:42.220,120,721778
2025-09-16 18:24:42.321,119,716866
2025-09-16 18:24:42.422,118,711956
2025-09-16 18:24:42.522,117,707044
2025-09-16 18:24:42.621,116,702132
2025-09-16 18:24:42.722,115,697222
2025-09-16 18:24:42.822,114,692309
2025-09-16 18:24:42.921,113,687397
2025-09-16 18:24:43.021,112,682485
2025-09-16 18:24:43.121,111,677573
2025-09-16 18:24:43.221,110,672661
2025-09-16 18:24:43.321,109,667749
2025-09-16 18:24:43.421,108,662837
2025-09-16 18:24:43.521,107,657925
2025-09-16 18:24:43.621,106,653214
2025-09-16 18:24:43.721,105,648302
2025-09-16 18:24:43.822,104,643393
2025-09-16 18:24:43.921,103,638482
2025-09-16 18:24:44.021,102,633570
2025-09-16 18:24:44.121,101,628658
2025-09-16 18:24:44.221,100,623746
2025-09-16 18:24:44.321,99,618833
2025-09-16 18:24:44.421,98,613922
2025-09-16 18:24:44.522,97,609012
2025-09-16 18:24:44.621,96,604099
2025-09-16 18:24:44.721,95,599187
2025-09-16 18:24:44.822,94,594277
2025-09-16 18:24:44.920,93,589363
2025-09-16 18:24:45.020,92,584453
2025-09-16 18:24:45.121,91,579542
2025-09-16 18:24:45.220,90,574630
2025-09-16 18:24:45.321,89,569720
2025-09-16 18:24:45.421,88,565008
2025-09-16 18:24:45.521,87,559898
2025-09-16 18:24:45.621,86,555188
2025-09-16 18:24:45.722,85,550277
2025-09-16 18:24:45.821,84,545365
2025-09-16 18:24:45.921,83,540454
2025-09-16 18:24:46.021,82,535543
2025-09-16 18:24:46.121,81,530631
2025-09-16 18:24:46.221,80,525720
2025-09-16 18:24:46.321,79,520808
2025-09-16 18:24:46.421,78,515898
2025-09-16 18:24:46.521,77,510986
2025-09-16 18:24:46.620,76,506074
2025-09-16 18:24:46.721,75,501163
2025-09-16 18:24:46.822,74,496253
2025-09-16 18:24:46.921,73,491341
2025-09-16 18:24:47.021,72,486429
2025-09-16 18:24:47.122,71,481518
2025-09-16 18:24:47.221,70,476807
2025-09-16 18:24:47.321,69,471695
2025-09-16 18:24:47.421,68,466785
2025-09-16 18:24:47.521,67,461875
2025-09-16 18:24:47.621,66,457165
2025-09-16 18:24:47.721,65,452254
2025-09-16 18:24:47.822,64,447343
2025-09-16 18:24:47.920,63,442429
2025-09-16 18:24:48.020,62,437517
2025-09-16 18:24:48.121,61,432606
2025-09-16 18:24:48.220,60,427693
2025-09-16 18:24:48.321,59,422783
2025-09-16 18:24:48.421,58,417872
2025-09-16 18:24:48.521,57,412961
2025-09-16 18:24:48.621,56,408051
2025-09-16 18:24:48.721,55,403138
2025-09-16 18:24:48.822,54,398228
2025-09-16 18:24:48.921,53,393316
2025-09-16 18:24:49.021,52,388403
2025-09-16 18:24:49.121,51,383491
2025-09-16 18:24:49.221,50,378781
2025-09-16 18:24:49.321,49,373668
2025-09-16 18:24:49.421,48,368957
2025-09-16 18:24:49.521,47,364046
2025-09-16 18:24:49.621,46,359135
2025-09-16 18:24:49.721,45,354223
2025-09-16 18:24:49.821,44,349313
2025-09-16 18:24:49.921,43,344401
2025-09-16 18:24:50.021,42,339490
2025-09-16 18:24:50.121,41,334578
2025-09-16 18:24:50.221,40,329666
2025-09-16 18:24:50.320,39,324754
2025-09-16 18:24:50.420,38,319843
2025-09-16 18:24:50.521,37,314932
2025-09-16 18:24:50.621,36,310020
2025-09-16 18:24:50.721,35,305109
2025-09-16 18:24:50.821,34,300197
2025-09-16 18:24:50.921,33,295286
2025-09-16 18:24:51.021,32,290373
2025-09-16 18:24:51.121,31,285461
2025-09-16 18:24:51.221,30,280749
2025-09-16 18:24:51.321,29,275837
2025-09-16 18:24:51.421,28,270925
2025-09-16 18:24:51.521,27,266013
2025-09-16 18:24:51.621,26,261105
2025-09-16 18:24:51.721,25,256194
2025-09-16 18:24:51.822,24,251284
2025-09-16 18:24:51.921,23,246372
2025-09-16 18:24:52.021,22,241460
2025-09-16 18:24:52.121,21,236549
2025-09-16 18:24:52.221,20,231638
2025-09-16 18:24:52.321,19,226727
2025-09-16 18:24:52.420,18,221815
2025-09-16 18:24:52.520,17,216905
2025-09-16 18:24:52.621,16,211994
2025-09-16 18:24:52.721,15,207282
2025-09-16 18:24:52.821,14,202171
2025-09-16 18:24:52.921,13,197458
2025-09-16 18:24:53.021,12,192546
2025-09-16 18:24:53.121,11,187634
2025-09-16 18:24:53.221,10,182722
2025-09-16 18:24:53.321,9,177810
2025-09-16 18:24:53.421,8,172899
2025-09-16 18:24:53.521,7,167986
2025-09-16 18:24:53.621,6,163073
2025-09-16 18:24:53.721,5,158162
2025-09-16 18:24:53.822,4,153250
2025-09-16 18:24:53.921,3,148338
2025-09-16 18:24:54.020,2,143426
2025-09-16 18:24:54.121,1,140720
timestamp,lag,wait_ms
2025-09-16 18:27:08.121,1,12154
2025-09-16 18:27:15.109,1,9121
2025-09-16 18:27:17.270,2,16293
2025-09-16 18:27:19.310,1,8310
2025-09-16 18:27:27.020,1,11009
2025-09-16 18:27:35.049,2,14026
2025-09-16 18:27:37.445,1,11409
2025-09-16 18:27:48.013,1,17167
2025-09-16 18:27:54.836,1,18779
2025-09-16 18:28:01.587,2,20718
2025-09-16 18:29:02.332,1,76451
2025-09-16 18:29:14.268,17,83375
2025-09-16 18:29:21.630,16,85725
2025-09-16 18:30:51.791,15,170875
2025-09-16 18:31:06.358,10,160381
2025-09-16 18:32:09.600,9,218612
2025-09-16 18:32:13.414,8,217415
2025-09-16 18:32:21.874,45,220863
2025-09-16 18:32:21.875,44,215852
2025-09-16 18:32:21.877,43,211042
2025-09-16 18:32:21.879,42,205832
2025-09-16 18:32:21.880,41,200821
2025-09-16 18:32:21.881,40,195811
2025-09-16 18:32:21.882,39,191002
2025-09-16 18:32:21.883,38,185992
2025-09-16 18:32:21.884,37,180981
2025-09-16 18:32:21.885,36,175972
2025-09-16 18:32:21.886,35,170964
2025-09-16 18:32:21.888,34,165954
2025-09-16 18:32:21.974,33,161028
2025-09-16 18:32:22.075,32,156117
2025-09-16 18:32:22.175,31,151205
2025-09-16 18:32:22.275,30,146294
2025-09-16 18:32:22.375,29,141382
2025-09-16 18:32:22.475,28,136471
